1525 North Central Avenue,Phoenix,AZ,85004
1625 North 44th Street,Phoenix,AZ,85008
711 E Indian School Rd.,Phoenix,AZ,85014
4040 North 19th Avenue,Phoenix,AZ,85015
1850 West Dunlap Avenue,Phoenix,AZ,85021
1855 West Thunderbird Road,Phoenix,AZ,85023
3560 West Peoria Avenue,Phoenix,AZ,85029
4323 East Bell Road,Phoenix,AZ,85032
3210 East Union Hills,Phoenix,AZ,85032
3975 East Thunderbird Road,Phoenix,AZ,85032
10707 West Camelback Road,Phoenix,AZ,85037
5050 West Baseline Road,Laveen,AZ,85041
7550 South 19th Avenue,Phoenix,AZ,85041
6021 South Central Avenue,Phoenix,AZ,85042
1615 East Baseline,Phoenix,AZ,85042
6650 West Lower Buckeye Road,Phoenix,AZ,85043
4430 East Ray Road,Phoenix,AZ,85044
4657 East Chandler Boulevard,Phoenix,AZ,85048
28635 North Valley Parkway,Phoenix,AZ,85085
3610 West Anthem Way,Phoenix,AZ,85086
1686 East Florence Boulevard,Casa Grande,AZ,85122
44274 West-Smith Enke Rd.,Maricopa,AZ,85138
7587 South Power Road,Queen Creek,AZ,85142
1151 East McKellips Road,Mesa,AZ,85203
6015 East Brown Road,Mesa,AZ,85205
9152 East Brown Road,Mesa,AZ,85207
9230 E. Broadway Road,Mesa,AZ,85208
7547 East Southern Avenue,Mesa,AZ,85208
2809 South Sossaman Road,Mesa,AZ,85212
360 North Val Vista,Mesa,AZ,85213
5954 East McDowell Road,Mesa,AZ,85215
2406 East Thomas Road,Phoenix,AZ,85216
325 West Apache Trail,Apache Junction,AZ,85220
180 North Dobson Road,Chandler,AZ,85224
2995 East Chandler Heights Road,Chandler,AZ,85224
990 East Warner Road,Chandler,AZ,85225
990 East Pecos Road,Chandler,AZ,85225
5975 West Chandler Blvd.,Chandler,AZ,85226
3990 West Ray Road,Chandler,AZ,85226
765 South Lindsay Road,Gilbert,AZ,85234
2371 East Guadalupe Street,Gilbert,AZ,85234
3170 South Higley Road,Gilbert,AZ,85236
4990 South Arizona Avenue,Chandler,AZ,85248
9546 East Riggs Road,Sun Lakes,AZ,85248
7552 Indian School Road,Scottsdale,AZ,85251
10010 North Scottsdale Road,Scottsdale,AZ,85253
7111 East Bell Road,Scottsdale,AZ,85254
23215 North Pima Road,Scottsdale,AZ,85255
14672 North Frank Lloyd Wright,Scottsdale,AZ,85260
10160 East Bell Road,Scottsdale,AZ,85260
32331 North Scottsdale Road,Scottsdale,AZ,85266
3303 South Rural Street,Tempe,AZ,85281
1750 East Broadway Road,Tempe,AZ,85282
1424 West Baseline Road,Tempe,AZ,85283
855 East Elliot Road,Tempe,AZ,85284
2428 South Val Vista Drive,Gilbert,AZ,85295
5125 West Olive Avenue,Glendale,AZ,85302
7499 West Bethany Home Road,Glendale,AZ,85303
2840 North Dysart Road,Goodyear,AZ,85338
4890 North Litchfield Road,Litchfield Park,AZ,85340
10727 West Olive Avenue,Peoria,AZ,85345
9856 West Peoria Avenue,Peoria,AZ,85345
North Lake Pleasant Parkway,Peoria,AZ,85345
9901B West Thunderbird Boulevard,Sun City,AZ,85351
1555 South Avenue B,Yuma,AZ,85364
15474 West Greenway Road,Surprise,AZ,85374
19602 R H Johnson Boulevard,Sun City West,AZ,85375
5400 East Carefree Highway/PO Box 5482,Carefree,AZ,85377
8332 West Thunderbird Road,Peoria,AZ,85381
7530 West Cactus Road,Peoria,AZ,85381
9172 West Union Hills Drive,Peoria,AZ,85382
9069 West Lake Pleasant Parkway,Peoria,AZ,85382
15300 North Cotton Lane,Surprise,AZ,85388
286 East 7th Street,Douglas,AZ,85607
6488 North Oracle Road,Tucson,AZ,85704
6310 E. Broadway,Tucson,AZ,85710
8705 East Speedway Boulevard,Tucson,AZ,85710
615 North Alvernon,Tucson,AZ,85711
3832 East Speedway,Tucson,AZ,85716
5100 East Grant Road,Tucson,AZ,85716
6370 North Campbell Avenue #120,Tucson,AZ,85718
10650 North Oracle Road,Oro Valley,AZ,85737
7740 North Cortaro Road,Tucson,AZ,85743
1900 West Valencia Road,Tucson,AZ,85746
8920 E. Tanque Verde,Tucson,AZ,85749
60 E. Deuce of Clubs Drive,Show Low,AZ,85901
901 Willow Lake Road,Prescott,AZ,86301
3025 North Windsong Drive,Prescott Valley,AZ,86314
1179 South State Route 260,Cottonwood,AZ,86326
20 Airport Road,Sedona,AZ,86336
75 North Lake Havasu Avenue,Lake Havasu City,AZ,86403
3501 Stockton Hill Road,Kingman,AZ,86409
4744 South Highway 95,Fort Mohave,AZ,86426
1919 S. Hoover Street,Los Angeles,CA,90007
5176 East Whittier Boulevard,Los Angeles,CA,90022
1030 Colorado Boulevard,Eagle Rock,CA,90041
901 South Central Avenue,Compton,CA,90220
8400 Firestone Boulevard,Downey,CA,90241
4775 West Rosecrans Avenue,Hawthorne,CA,90250
155 Pacific Coast Highway,Hermosa Beach,CA,90254
3208 East Florence Avenue,Huntington Park,CA,90255
316 South Pacific Coast Highway,Redondo Beach,CA,90277
222 North Market Street,Inglewood,CA,90301
4345 West Century Boulevard,Inglewood,CA,90304
500 Wilshire Boulevard,Santa Monica,CA,90401
1303 West Sepulveda Boulevard,Torrance,CA,90501
10048 Mills Avenue,Whittier,CA,90604
7065 La Palma Avenue,Buena Park,CA,90620
5501 Ball Road,Cypress,CA,90630
1151 South Harbor Boulevard,La Habra,CA,90631
11011 Alondra Boulevard,Norwalk,CA,90650
12618 Studebaker Road,Norwalk,CA,90650
8580 Whittier Boulevard,Pico Rivera,CA,90660
12444 Beach Boulevard,Stanton,CA,90680
4909 Paramount Boulevard,Lakewood,CA,90712
5117 Lakewood Boulevard,Lakewood,CA,90712
6510 South Street,Lakewood,CA,90713
5505 Carson Street,Lakewood,CA,90713
25829 Narbonne Avenue,Lomita,CA,90717
3401 Katella Ave,Los Alamitos,CA,90720
921 Pacific Coast Highway,Seal Beach,CA,90740
23806 Main Street,Carson,CA,90745
5020 Long Beach Boulevard,Long Beach,CA,90805
1250 East Pacific Coast Highway,Long Beach,CA,90806
188 Las Tunas Drive,Arcadia,CA,91007
950 West Foothill Boulevard,Monrovia,CA,91016
3883 East Foothill Boulevard,Pasadena,CA,91107
451 South Sierra Madre Boulevard,Pasadena,CA,91107
19701 Vanowen Street,Winnetka,CA,91306
26861 Sierra Highway,Santa Clarita,CA,91321
7400 Reseda Boulevard,Reseda,CA,91335
18247 Sherman Way,Reseda,CA,91335
1204 San Fernando Road,San Fernando,CA,91340
1820 West Verdugo Avenue,Burbank,CA,91506
10945 Victory Boulevard,North Hollywood,CA,91606
915 East Arrow Highway,Azusa,CA,91702
3151 Baldwin Park,Baldwin Park,CA,91706
1550 Puente Avenue,Baldwin Park,CA,91706
11574 Lower Azusa Road,El Monte,CA,91732
1954 Durfee Avenue,South El Monte,CA,91733
858 North Sunset Avenue,La Puente,CA,91744
120 East Bonita Avenue,San Dimas,CA,91773
21590 East Valley Boulevard,City of Industry,CA,91789
816 East Main Street,Alhambra,CA,91801
1385 Tavern Road,Alpine,CA,91901
16 3rd Avenue Extension,Chula Vista,CA,91910
645 East Palomar Street,Chula Vista,CA,91911
800 Palm Avenue,Imperial Beach,CA,91932
7740 Rancho Santa Fe Road,Carlsbad,CA,92009
2650 Gateway Road,Carlsbad,CA,92009
572 Fletcher Parkway,El Cajon,CA,92020
1299 Broadway,El Cajon,CA,92021
1655 South Centre City Parkway,Escondido,CA,92025
1980 College Boulevard,Oceanside,CA,92056
4615 Frazee Road,Oceanside,CA,92057
1810 Main Street,Ramona,CA,92065
1302 West Mission Road,San Marcos,CA,92069
997 Woodland Parkway,San Marcos,CA,92069
635 South Melrose Drive,Vista,CA,92081
883 South Santa Fe Avenue,Vista,CA,92083
3151 University Avenue,San Diego,CA,92104
6265 El Cajon Boulevard,San Diego,CA,92115
4404 El Cajon Boulevard,San Diego,CA,92115
14589 Camino Del Norte,San Diego,CA,92128
9225 Twin Trails Drive,San Diego,CA,92129
3350 Palm Avenue,San Diego,CA,92154
82-270 Highway 111,Indio,CA,92201
49980 Jefferson Street,Indio,CA,92201
42150 A Jackson Street,Indio,CA,92203
68010 Vista Chino,Cathedral City,CA,92234
84010 Avenue 50,Coachella,CA,92236
1745 South Imperial Avenue,El Centro,CA,92243
44075 Jefferson Street,La Quinta,CA,92253
425 South Sunrise Way,Palm Springs,CA,92262
42520 Bob Hope Drive,Rancho Mirage,CA,92270
12058 Palmdale Road,Adelanto,CA,92301
1010 North Pepper Avenue,Colton,CA,92324
211 West Baseline Road,Rialto,CA,92376
14426 Palmdale Road,Victorville,CA,92392
6840 Lincoln Avenue,Riverside,CA,92506
491 East Alessandro Boulevard,Riverside,CA,92508
26180 Iris Avenue,Moreno Valley,CA,92555
23743 Jackson Avenue,Murrieta,CA,92562
23791 Washington Avenue,Murrieta,CA,92562
102 South Sanderson Road,San Jacinto,CA,92582
31771 Rancho California Road,Temecula,CA,92591
30736 Benton Road,Winchester,CA,92596
3981 Irvine Boulevard,Irvine,CA,92602
26686 Portola Parkway,Foothill Ranch,CA,92610
17625 Harvard Avenue,Irvine,CA,92614
1150 Baker Street,Costa Mesa,CA,92626
2701 Harbor Boulevard,Costa Mesa,CA,92626
32900 Pacific Coast Highway,Dana Point,CA,92629
16961 Beach Boulevard,Huntington Beach,CA,92647
15520 Goldenwest Street,Huntington Beach,CA,92647
18872 Beach Boulevard,Huntington Beach,CA,92648
16922 Bolsa Chica Street,Huntington Beach,CA,92649
602 North El Camino Real,San Clemente,CA,92672
15421 Brookhurst Street,Westminster,CA,92683
22361 Antonio Parkway,Rancho Santa Margarita,CA,92688
25511 Muirlands Boulevard,Mission Viejo,CA,92691
27702 Crown Valley Parkway Suite I,Ladera Ranch,CA,92694
2330 South Main Street,Santa Ana,CA,92707
15180 Kensington Park Drive,Tustin,CA,92782
1676 W. Katella Avenue,Anaheim,CA,92802
510 South Beach Boulevard,Anaheim,CA,92804
611 South Brookhurst Street,Anaheim,CA,92804
2011 East La Palma Avenue,Anaheim,CA,92806
455 North State College Boulevard,Fullerton,CA,92831
2400 River Road,Corona,CA,92860
1101 Hidden Valley Parkway,Norco,CA,92860
4040 East Chapman Avenue,Orange,CA,92869
1875 N. Kraemer Blvd,Placentia,CA,92870
14220 Schleisman Road,Eastvale,CA,92880
1299 E. Ontario Ave,Corona,CA,92881
18080 Imperial Highway,Yorba Linda,CA,92886
1205 South Oxnard,Oxnard,CA,93030
574 West Lacey Boulevard,Hanford,CA,93230
2539 11th Avenue,Hanford,CA,93230
800 North Westwood Street,Porterville,CA,93257
2175 East Bardsley Avenue,Tulare,CA,93274
1395 East Prosperity Avenue,Tulare,CA,93274
3619 West Caldwell Avenue,Visalia,CA,93277
1102 North Demaree Street,Visalia,CA,93291
11300 Ming Avenue,Bakersfield,CA,93301
2690 Mt. Vernon Avenue,Bakersfield,CA,93306
6500 South Union Avenue,Bakersfield,CA,93307
9628 Rosedale Highway,Bakersfield,CA,93311
6601 Stine Road,Bakersfield,CA,93313
846 West Avenue K,Lancaster,CA,93534
38012 47th Street East,Palmdale,CA,93550
1794 Ashlan Avenue,Clovis,CA,93611
6800 North Milburn Avenue,Fresno,CA,93722
5995 East Kings Canyon Road,Fresno,CA,93727
347 E. Alisal Street,Salinas,CA,93901
325 Sharon Park Drive,Menlo Park,CA,94025
377 32nd Avenue,San Francisco,CA,94121
124 De Anza Blvd Crystal Springs Village,San Mateo,CA,94402
3171 Balfour Road,Brentwood,CA,94513
4028 Lone Tree Way,Antioch,CA,94531
3340 North Texas Street,Fairfield,CA,94533
2000 Driscoll Road,Fremont,CA,94539
26059 Mission Boulevard,Hayward,CA,94544
291 South Coombs Street,Napa,CA,94559
1617 Canyon Drive,Pinole,CA,94564
6750 Bernal Avenue,Pleasanton,CA,94566
3010 Bernal Avenue,Pleasanton,CA,94566
1550 East 14th Street,San Leandro,CA,94577
3999 Santa Rita Road,Pleasanton,CA,94588
1193 Admiral Callaghan Lane,Vallejo,CA,94589
1960 Tice Valley Boulevard,Walnut Creek,CA,94595
7200 Bancroft Avenue,Oakland,CA,94605
1599 Tiburon Boulevard,Tiburon,CA,94920
16995 Walnut Grove Drive,Morgan Hill,CA,95037
821 The Alameda,San Jose,CA,95126
1800 Saratoga Avenue,San Jose,CA,95129
4110 North First Street,San Jose,CA,95134
1651 Bellevue Road,Atwater,CA,95301
474 Winton Parkway,Livingston,CA,95334
1175 West Lathrop Road,Manteca,CA,95336
1970 Yosemite Parkway,Merced,CA,95341
2020 West Briggsmore Avenue,Modesto,CA,95350
1520 East F Street,Oakdale,CA,95361
1080 Sperry Avenue,Patterson,CA,95363
3100 Geer Road,Turlock,CA,95382
2075 Mendocino Avenue,Santa Rosa,CA,95401
150 South Main Street,Fort Bragg,CA,95437
657 Highway 101 North,Crescent City,CA,95531
8400 Bradshaw Road,Elk Grove,CA,95624
8101 Greenback Lane,Fair Oaks,CA,95627
5420 Dewey Drive,Fair Oaks,CA,95628
3301 Zinfandel Drive,Rancho Cordova,CA,95670
1771 Pleasant Grove Boulevard,Roseville,CA,95747
4330 Latrobe Road,El Dorado Hills,CA,95762
5039 Folsom Boulevard,Sacramento,CA,95819
3710 Franklin Boulevard,Sacramento,CA,95820
2636 Marconi Avenue,Sacramento,CA,95821
6401 Mack Road,Sacramento,CA,95823
2085 Fair Oaks Boulevard Bldg 2,Sacramento,CA,95825
1350 Florin Road,Sacramento,CA,95831
2050 Club Center Drive,Sacramento,CA,95835
906 E Street,Marysville,CA,95901
1120 Forest Avenue,Chico,CA,95928
869 Newville Road,Orland,CA,95963
850 Oroville Dam Boulevard,Oroville,CA,95965
2780 Esplanade,Chico,CA,95973
455 South Main Street,Red Bluff,CA,96080
81 North Street,Bristol,CT,06010
292 Spielman Highway,Burlington,CT,06013
2639 Main Street,Glastonbury,CT,06033
323 Cromwell Avenue,Rocky Hill,CT,06067
525 Buckland Street,South Windsor,CT,06074
875 Enfield Street,Enfield,CT,06082
150 Washington Street,Hartford,CT,06106
479 Blue Hills Avenue,Hartford,CT,06112
690 Wethersfield Avenue,Hartford,CT,06114
16 Main Street,East Hartford,CT,06118
3514 Main Street,Coventry,CT,06238
57 Providence Pike,Putnam,CT,06260
15 Chesterfield Road,East Lyme,CT,06333
1657 Route 12,Gales Ferry,CT,06335
2005 Norwich-New London Turnpike,Uncasville,CT,06382
905 South Main Street,Cheshire,CT,06410
72 Berlin Road,Cromwell,CT,06416
54 East High Street,East Hampton,CT,06424
961 Black Rock Turnpike,Fairfield,CT,06430
1057 Boston Post Road,Guilford,CT,06437
1 Hawley Lane,Stratford,CT,06497
355 Campbell Avenue,West Haven,CT,06516
7 Durant Avenue,Bethel,CT,06801
47 Lake Avenue Extension,Danbury,CT,06811
1770 Kings Highway,Fairfield,CT,06824
1938 West Main Street,Stamford,CT,06902
229 Hope Street,Stamford,CT,06906
845 Bladensburg Road,Washington,DC,20002
6514 Georgia Avenue NW,Washington,DC,20012
110 Carroll Street NW,Washington,DC,20012
2233 US Highway 90 West,Lake City,FL,32055
121 West MacClenney Avenue,MacClenny,FL,32063
906 Blanding Boulevard,Orange Park,FL,32065
2703 North Ponce de Leon Boulevard,St. Augustine,FL,32084
175 SR 312,St. Augustine,FL,32086
209 South Temple Avenue,Starke,FL,32091
57 Tuscan Way,St. Augustine,FL,32092
101 South Ridgewood Avenue,Daytona Beach,FL,32114
1001 Dunlawton Avenue,Port Orange,FL,32119
238 US Highway 17,E. Palatka,FL,32131
1141 SR 20,Interlachen,FL,32148
615 East 3rd Avenue,New Smyrna Beach,FL,32169
250 East Granada Boulevard,Ormond Beach,FL,32176
4475 San Juan Ave,Jacksonville,FL,32210
5407 Blanding Boulevard,Jacksonville,FL,32210
9100 Atlantic Boulevard,Jacksonville,FL,32211
4280 Southside Boulevard,Jacksonville,FL,32216
5972 University Boulevard West,Jacksonville,FL,32216
6005 Saint Augustine Road,Jacksonville,FL,32217
3422 So. Atlantic Ave,Daytona Beach Shores,FL,32218
50 Duval Station Road,Jacksonville,FL,32218
11900 McCormick Road,Jacksonville,FL,32225
11060 Old St. Augustine Rd.,Jacksonville,FL,32257
430 State Highway 13,Jacksonville,FL,32259
120 S. Johns Commons Road,Jacksonville,FL,32259
3634 Rogero Road,Jacksonville,FL,32277
1300 Apalachee Parkway,Tallahassee,FL,32301
1708 North Monroe Street,Tallahassee,FL,32303
5466 Thomasville Road North,Tallahassee,FL,32312
105 West Hampton Springs Avenue,Perry,FL,32347
1208 West Jefferson,Quincy,FL,32351
955 West 23rd Street,Panama City,FL,32405
11801 Panama City Beach Parkway (US 98),Panama City Beach,FL,32407
1101 Scenic Highway,Pensacola,FL,32503
44 Gulf Beach Highway,Pensacola,FL,32507
1 East Nine Mile Road,Pensacola,FL,32534
901 North Main Street,Gainesville,FL,32601
3404 S.W. Archer Road,Gainesville,FL,32608
2137 North Young Boulevard,Chiefland,FL,32626
435 East Noble Avenue,Williston,FL,32696
2311 East Semoran Boulevard,Apopka,FL,32703
5650 Red Bug Lake Road,Winter Springs,FL,32708
221 South S.R. 434,Altamonte Springs,FL,32714
1098 Montgomery Road,Altamonte Springs,FL,32714
901 North Woodland Boulevard,Deland,FL,32720
2497 South Woodland Boulevard,Deland,FL,32720
2187 Howland Boulevard,Deltona,FL,32738
17021 U.S. Highway 441,Mount Dora,FL,32757
2400 Enterprise Road,Orange City,FL,32763
3798 Orlando Drive,Sanford,FL,32773
839 North Orlando Avenue,Winter Park,FL,32789
1510 Semoran Boulevard,Winter Park,FL,32792
2527 Aloma Avenue,Winter Park,FL,32792
5 Garden Street,Titusville,FL,32796
3212 Curry Ford Road,Orlando,FL,32806
4315 Curry Ford Road,Orlando,FL,32806
5190 South Conway Road,Orlando,FL,32812
10952 East Colonial Drive,Orlando,FL,32826
8025 Lee Vista Boulevard,Orlando,FL,32829
5886 Conroy Road,Orlando,FL,32835
South Orange Blossom Trail,Orlando,FL,32837
12077 South Orange Blossom Trail,Orlando,FL,32837
5899 South Orange Blossom Trail,Orlando,FL,32839
100 North Miramar Avenue,Indialantic,FL,32903
4292 North Atlantic Avenue,Cocoa Beach,FL,32931
1800 North Wickham Road,Melbourne,FL,32935
11 East Merritt Island Causeway,Merritt Island,FL,32952
1706 U.S. Highway 1,Vero Beach,FL,32960
855 East 8th Avenue,Hialeah,FL,33010
1230 West 29th Street,Hialeah,FL,33012
1525 West 49th Street,Hialeah,FL,33012
802 East 25th Street,Hialeah,FL,33013
3395 West 68th Street,Hialeah,FL,33018
1600 S. Federal Highway,Hollywood,FL,33020
3440 Hollywood Blvd.,Hollywood,FL,33021
70 North University Drive,Pembroke Pines,FL,33024
11100 Pines Boulevard,Pembroke Pines,FL,33026
12401 Miramar Parkway,Miramar,FL,33027
2780 NE 8th Street,Homestead,FL,33033
99434 Overseas Highway,Key Largo,FL,33037
4700 NW 183rd Street,Carol City,FL,33055
1501 South Federal Highway,Pompano Beach,FL,33062
1200 North State Road 7,Margate,FL,33063
3580 North Federal Highway,Lighthouse Point,FL,33064
690 N. W. 57th Avenue,Miami,FL,33126
1177 SW 8th Street,Miami,FL,33130
5695 SW 8th St,Coral Gables,FL,33134
3695 Flagler Street,Miami,FL,33135
591 NE 79th Street,Miami,FL,33138
11398 Quail Roost Drive,Miami,FL,33157
19198 South Dixie Highway,Perrine,FL,33157
600 N.E. 128th Street,North Miami,FL,33161
8740 Bird Road,Miami,FL,33165
10660 SW 40th Street,Miami,FL,33165
19800 NW 2nd Avenue,Miami,FL,33169
9720 Southwest 8th Street,Miami,FL,33174
12701 SW 42nd Street,Miami,FL,33175
10701 NW 41st Street,Doral,FL,33178
1825 N.E. 185th Street,North Miami Beach,FL,33179
7199 SW 117th Avenue,Miami,FL,33183
8701 SW 137th Ave,Miami,FL,33183
2599 SW 147th Avenue,Miami,FL,33185
14705 SW 42nd Street,Miami,FL,33185
20345 Old Cutler Road,Miami,FL,33189
15700 S.W. 88th Street,Miami,FL,33196
3501 West Davie Boulevard,Fort Lauderdale,FL,33302
2150 East Commercial Boulevard,Fort Lauderdale,FL,33308
3915 West Commercial Boulevard,Tamarac,FL,33309
1700 South Federal Highway,Fort Lauderdale,FL,33316
1802 North University Drive,Plantation,FL,33322
4610 South University Drive,Davie,FL,33328
4701 South Flamingo Road,Cooper City,FL,33330
5555 North University Drive,Lauderhill,FL,33351
6800 South Dixie Highway,West Palm Beach,FL,33405
11000 North Military Trail,Palm Beach,FL,33410
1101 Royal Palm Beach Boulevard,Royal Palm,FL,33411
245 South Military Trail,West Palm Beach,FL,33415
101 South Main Street,Belle Glade,FL,33430
2390 North Federal Highway,Boca Raton,FL,33431
520 South Federal Highway,Boca Raton,FL,33432
686 Glades Road,Boca Raton,FL,33432
301 North Federal Highway,Boynton Beach,FL,33435
2 South Federal Highway,Deerfield Beach,FL,33441
1806 West Hillsboro Boulevard,Deerfield Beach,FL,33442
8800 S.E. Bridge Road,Hobe Sound,FL,33455
575 West Indiantown Road,Jupiter,FL,33458
101 North Dixie Highway,Lake Worth,FL,33460
3187 South Congress Avenue,Palm Springs,FL,33461
8954 Lantana Road,Lake Worth,FL,33463
7030 Jog Road,Lake Worth,FL,33463
4511 Lantana Road,Lantana,FL,33463
7534 Lake Worth Road,Lake Worth,FL,33467
1690 South Federal Highway,Delray Beach,FL,33483
715 Brandon Boulevard,Brandon,FL,33511
36440 State Road 54,Zephyhills West,FL,33541
2322 Land O Lakes Blvd,Lutz,FL,33549
6202 US Highway 41 North,Apollo Beach,FL,33572
5905 US Highway 301 S,Riverview,FL,33578
1010 Bloomingdale Avenue,Valrico,FL,33594
625 West Martin Luther King Jr Boulevard,Tampa,FL,33603
611 South Howard Avenue,Tampa,FL,33606
4401 West Gandy Boulevard,Tampa,FL,33611
2911 East Fowler Avenue,Tampa,FL,33615
5357 Ehrlich Road,Tampa,FL,33618
11212 Dale Mabry Highway,Tampa,FL,33618
4120 #2 Henderson Boulevard,Tampa,FL,33629
7351 West Hillsborough Avenue,Tampa,FL,33634
8809 New Tampa Boulevard,Tampa,FL,33647
8001 9th Street North,St. Petersburg,FL,33702
15129 Madeira Way,Madeira Beach,FL,33708
1 South Missouri Avenue,Clearwater,FL,33756
1899 North Highland Avenue,Clearwater,FL,33756
30387 US Highway 19 North,Clearwater,FL,33761
4000 East Bay Drive,Clearwater,FL,33764
51 North Missouri Avenue,Largo,FL,33770
2390 East Bay Drive,Largo,FL,33771
8905 Bryan Dairy Road,Largo,FL,33777
10200 Seminole Boulevard,Seminole,FL,33778
7400 49th Street,Pinellas Park,FL,33781
1635 South Highway 98,Lakeland,FL,33801
6105 U.S. Highway 98 North,Lakeland,FL,33809
5010 South Florida Avenue,Lakeland,FL,33813
101 North Wabash Avenue,Lakeland,FL,33815
1105 West Main Street,Avon Park,FL,33825
120 West Van Fleet Drive,Bartow,FL,33830
5 U.S. 27 South,Lake Placid,FL,33852
2728 US 27 South,Sebring,FL,33870
301 South 6th Avenue,Wauchula,FL,33873
970 Cypress Gardens Boulevard SE,Winter Haven,FL,33880
7009 Cypress Gardens Boulevard,Winter Haven,FL,33884
2403 Cleveland Avenue,Fort Myers,FL,33901
4710 Palm Beach Boulevard,Fort Myers,FL,33905
13400 South Cleveland Avenue,Fort Myers,FL,33907
16950 Pine Ridge Road,Fort Myers,FL,33908
5990 South Pointe Boulevard,Fort Myers,FL,33919
2400 Tamiami Trail,Punta Gorda,FL,33950
2480 Tamiami Trail,Port Charlotte,FL,33952
5296 Tamiami Trail,Naples,FL,34103
2375 Vanderbilt Beach Road,Naples,FL,34108
4890 Tamiami Trail East,Naples,FL,34112
13400 Immokalee Road,Naples,FL,34120
8831 Immokalee Road,Naples,FL,34120
520 1st Street West,Bradenton,FL,34208
4302 Cortez Road W,Bradenton,FL,34210
611 Manatee Avenue West,Holmes Beach,FL,34217
1760 South McCall Road,Englewood,FL,34223
1220 South Tamiami Trail,Osprey,FL,34229
2811 Clark Road,Sarasota,FL,34231
4301 Bee Ridge Road,Sarasota,FL,34233
3709 North Tamiami Trail,Sarasota,FL,34234
4 South Brevard Avenue,Arcadia,FL,34266
1111 North Tamiami Trail,Nokomis,FL,34275
14998 South Tamiami Trail,North Port,FL,34287
215 Jacaranda Boulevard,Venice,FL,34292
4090 South Tamiami Trail,Venice,FL,34293
5800 S.E. Abshier Blvd.,Belleview,FL,34420
11582 North Williams Street #5,Dunnellon,FL,34432
3959 South Suncoast Boulevard,Homosassa,FL,34448
4145 NW 53rd Street,Gainesville,FL,34474
2401 SW 27th Avenue,Ocala,FL,34474
3501 North Pine Avenue,Ocala,FL,34475
2449 East Silver Springs Boulevard,Ocala,FL,34479
5208 East CR 466,The Villages,FL,34484
15843 East Highway 40,Silver Springs,FL,34488
12990 Cortez Boulevard,Brooksville,FL,34613
9204 Cortez Boulevard,Weeki Wachee,FL,34613
7325 SR 54,New Port Richey,FL,34653
13839 Little Road,Hudson,FL,34667
12015 Little Road,Hudson,FL,34667
3771 Tampa Road,Oldsmar,FL,34677
1000 East Tarpon Ave,Tarpon Springs,FL,34689
2175 Main Street,Dunedin,FL,34698
814 North Highway 27,Minneola,FL,34715
2454 E. Irlo Bronson Memorial Hwy,Kissimmee,FL,34744
1300 East Vine Street,Kissimmee,FL,34744
1235 North 14th Street,Leesburg,FL,34748
1891 North US Highway 1,Ft. Pierce,FL,34946
9801 South Federal Highway (US 1),Port St. Lucie,FL,34952
1255 NE Jensen Beach Boulevard,Jensen Beach,FL,34957
106 North Parrot Avenue,Okeechobee,FL,34972
2220 South US Highway 1,Fort Pierce,FL,34982
1300 S.W. St. Lucie W. Boulevard,Port St. Lucie,FL,34986
2284 S.E. Federal Highway,Stuart,FL,34994
2738 North Decatur Road,Decatur,GA,30003
1685 Atlanta Highway NW,Auburn,GA,30011
3785 Sixes Road,Canton,GA,30014
4192 Salem Road,Covington,GA,30019
3027 Jim Moore Road,Dacula,GA,30019
10710 State Bridge Rd,Alpharetta,GA,30022
9920 Jones Bridge Road,Alpharetta,GA,30022
5370 Laurel Springs Parkway,Suwanee,GA,30024
225 West Ponce DeLeon Avenue,Decatur,GA,30030
3820 North Decatur Road,Decatur,GA,30032
2458 Candler Road,Decatur,GA,30032
2586 Lawrenceville Highway,Decatur,GA,30033
3010 Centerville Highway 124,Snellville,GA,30039
4895 Post Road,Cumming,GA,30040
5710 Sugarloaf Parkway NW,Lawrenceville,GA,30043
2935 Five Forks Trickum Road,Lawrenceville,GA,30044
2650 Cruse Road,Lawrenceville,GA,30044
1187 Grayson Highway,Lawrenceville,GA,30045
202 Grayson Highway,Lawrenceville,GA,30045
5575 Lawrenceville Highway,Lilburn,GA,30047
4358 Burns Road,Lilburn,GA,30047
1172 Milford Church Road SW,Marietta,GA,30060
100 East Piedmont Road,Marietta,GA,30066
5304 North Buford Highway,Norcross,GA,30071
1380 Woodstock Road,Roswell,GA,30075
11710 Alpharetta Highway,Roswell,GA,30076
4345 South Cobb Drive SE,Smyrna,GA,30080
2994 Atlanta Road,Smyrna,GA,30080
1144 South Indian Creek Road,Stone Mountain,GA,30083
5095 Peachtree Parkway,Norcross,GA,30092
4595 Highway 92,Acworth,GA,30102
800 East West Connector SW,Austell,GA,30106
6120 Hickory Flat Highway,Canton,GA,30115
2125 Maple Street,Carrollton,GA,30117
13 North Tennessee Street,Cartersville,GA,30120
6031 Fairburn Road,Douglasville,GA,30134
266 East Church Street,Jasper,GA,30143
1915 Maple Avenue SE,Rome,GA,30161
1201 Turner McCall Boulevard,Rome,GA,30161
480 Glynn Street,Fayetteville,GA,30214
736 South Hill Street,Griffin,GA,30224
506 East 3rd Street,Jackson,GA,30233
8139 Tara Boulevard,Jonesboro,GA,30236
10307 Tara Blvd,Jonesboro,GA,30236
1597 Hogansville Rd.,LaGrange,GA,30241
2098 Highway 20 West,McDonough,GA,30253
2720 Highway 42 North,McDonough,GA,30253
6716 Mt. Zion Boulevard,Morrow,GA,30260
1938 Scenic Highway,Snellville,GA,30278
7055 Old National Highway,Riverdale,GA,30296
3221 Peachtree Road NE,Atlanta,GA,30305
680 Ponce de Leon Avenue NE,Atlanta,GA,30308
895 Ralph David Abernathy Boulevard,Atlanta,GA,30310
2237 Cascade Road SW,Atlanta,GA,30311
2429 Martin Luther King Jr. Drive,Atlanta,GA,30311
439 Highland Avenue Northeast,Atlanta,GA,30312
1455 Moreland Avenue,Atlanta,GA,30316
2555 Bolton Road,Atlanta,GA,30318
3435 Ashford Dunwoody Road NE,Atlanta,GA,30319
3815 Clairmont Road,Atlanta,GA,30319
2350 Cheshire Bridge Road NE,Atlanta,GA,30324
1610 Mount Vernon Road,Atlanta,GA,30338
2907 Main Street,East Point,GA,30344
1802 Roanoke Road,LaGrange,GA,30420
441 Fair Road,Statesboro,GA,30458
1201 First Street East,Vidalia,GA,30474
1950 Buford Highway,Buford,GA,30518
959 Big A Road,Toccoa,GA,30577
395 North Avenue,Athens,GA,30601
3595 Atlanta Highway,Athens,GA,30606
795 Oglethorpe Avenue,Athens,GA,30606
232 Elbert Street,Elberton,GA,30635
3930 Shallowford Road,Marietta,GA,30662
920 East Robert Toombs Avenue,Washington,GA,30673
402 North Wall,Calhoun,GA,30701
2791 Cleveland Highway,Dalton,GA,30721
2501 East Walnut Ave,Dalton,GA,30721
9849 Rome Boulevard,Summerville,GA,30747
1044 Furys Ferry Road,Evans,GA,30809
5101 Washington Road,Evans,GA,30809
869 Horizon South Parkway,Grovetown,GA,30813
109 W Hill Street,Thomson,GA,30824
317 South Liberty Street (NEC),Waynesboro,GA,30830
2559 Windsor Spring Road,Augusta,GA,30906
3527 Old Petersburg Road,Martinez,GA,30907
1520 Walton Way,Augusta,GA,30909
3231 Wrightsboro Road,Augusta,GA,30909
2703 Washington Road,Augusta,GA,30909
214 East 16th Avenue,Cordele,GA,31015
1025 Hillcrest Parkway,Dublin,GA,31021
535 Oak Street,Eastman,GA,31023
104 Vineville Street,Fort Valley,GA,31030
423 South Wayne Street,Milledgeville,GA,31061
206 South Harris Street,Sandersville,GA,31082
3001 Richard B. Russell Parkway,Warner Robins,GA,31088
1390 Pio Nono Avenue,Macon,GA,31204
4291 Mercer University Drive,Macon,GA,31204
4080 Bloomfield Road,Macon,GA,31206
1544 Bass Road,Macon,GA,31210
1615 Forest Hill Road,Macon,GA,31210
1271 Gray Highway,Macon,GA,31211
2324 US Highway 17,Richmond Hill,GA,31324
2055 East Victory Drive,Savannah,GA,31404
5690 Ogeechee Road,Savannah,GA,31405
712 Stephenson Avenue,Savannah,GA,31405
5401 Abercorn Street,Savannah,GA,31406
12012 Abercorn Street,Savannah,GA,31419
1800 Brunswick Hwy,Waycross,GA,31501
19 East Parker Street,Baxley,GA,31513
5421 New Jesup Highway,Brunswick,GA,31523
912 West Ward Street,Douglas,GA,31533
92 South Tallahassee Street,Hazelhurst,GA,31539
348 West Pine Street,Jesup,GA,31545
1402 Boone Street,Kingsland,GA,31548
2205 North Ashley Street,Valdosta,GA,31602
609 North Westover Boulevard,Albany,GA,31707
817 East Shotwell Street,Bainbridge,GA,31717
1193 Highway 19 South,Leesburg,GA,31763
1027 South Main Street,Moultrie,GA,31768
104 West Franklin Street,Sylvester,GA,31791
14857 US Highway 19 South,Thomasville,GA,31792
320 E 20th Street,Tifton,GA,31794
1622 S. Lumpkin Road,Columbus,GA,31903
4561 River Road,Columbus,GA,31904
3127 Macon Road,Columbus,GA,31906
4432 Miller Road,Columbus,GA,31909
1130 Kuala Street,Pearl City,HI,96782
95-1077 Ainamakua Dr,Mililani,HI,96789
2045 Plum Grove Road,Rolling Meadows,IL,60008
1305 Randall Road,Crystal Lake,IL,60014
34344 North US Highway 45,Village of Third Lake,IL,60030
2000 Skokie Valley Road,Highland Park,IL,60035
1539 Clavey Road,Highland Park,IL,60035
2020 East Grand Avenue,Lindenhurst,IL,60046
3900 W Elm Street,McHenry,IL,60050
1002 South Busse Road,Mount Prospect,IL,60056
1101 West Maple,Mundelein,IL,60060
936 Willow Road,Northbrook,IL,60062
3780 Willow Road,Northbrook,IL,60062
200 West Northwest Highway,Palatine,IL,60067
2648 Dempster Street,Park Ridge,IL,60068
1229 West Route 134,Round Lake,IL,60073
3434 Dempster Street,Skokie,IL,60076
3001 West Washington Street,Waukegan,IL,60085
20 East Dundee Road,Buffalo Grove,IL,60089
1515 Sheridan Road,Wilmette,IL,60091
4580 RT. 173,Zion,IL,60099
1099 Army Trail Road,Bartlett,IL,60103
700 West Irving Park Road,Bensenville,IL,60106
121 East Lake Street,Bloomingdale,IL,60108
1022 West Lincoln Hwy,DeKalb,IL,60115
110 West North Avenue,Elmhurst,IL,60126
10420 Grand Avenue,Franklin Park,IL,60131
739 Roosevelt Road,Glen Ellyn,IL,60137
600 North Mannheim,Hillside,IL,60162
1500 Lincoln Highway,St. Charles,IL,60174
255 McLean Boulevard,South Elgin,IL,60177
1855 West Irving Park Road,Schaumburg,IL,60193
1801 West Golf Road,Schaumburg,IL,60194
1801 West Golf Road,Schaumburg,IL,60194
101 Asbury Street,Evanston,IL,60202
345 Madison Street,Oak Park,IL,60302
11 East 14th Street,Chicago Heights,IL,60411
3200 Flossmoor Road,Flossmoor,IL,60422
2375 Drauden Road P O Box 3666,Joliet,IL,60434
16760 West 167,Lockport,IL,60441
14701 S Pulaski Road,Midlothian,IL,60445
11200 Lincoln Highway,Mokena,IL,60448
19900 S. Lagrange Road,Mokena,IL,60448
2050 Nelson Road,New Lenox,IL,60451
15840 South Cicero Avenue,Oak Forest,IL,60452
8625 South Harlem Street,Bridgeview,IL,60455
8811 Wst 87th Street,Hickory Hills,IL,60457
3400 Lincoln Highway,Olympia Fields,IL,60461
11859 Southwest Hwy,Palos Heights,IL,60463
16701 South Harlem Avenue,Tinley Park,IL,60467
1725 West Boughton Road,Bolingbrook,IL,60490
2211 South Eola Road,Aurora,IL,60503
1910 Montgomery Road,Aurora,IL,60504
8911 Ogden Avenue,Brookfield,IL,60513
400 Ogden Avenue,Downers Grove,IL,60515
6210 Main Street,Downers Grove,IL,60516
8645 Woodward Avenue,Woodridge,IL,60517
644 North Route 59,Naperville,IL,60540
7200 West Cermak Road,North Riverside,IL,60546
11840 Route 59,Plainfield,IL,60585
2815 North Western Avenue,Chicago,IL,60618
3944 North Western Avenue,Chicago,IL,60618
1930 West 103rd St,Chicago,IL,60643
11055 S. Western Avenue,Chicago,IL,60643
8639 South Cicero Avenue,Chicago,IL,60652
3951 West 103rd Street,Chicago,IL,60655
3156 West 103rd Street,Chicago,IL,60655
7139 North Milwaukee Avenue,Niles,IL,60714
3201 West 95th Street,Evergreen Park,IL,60805
250 W. 144th St,Riverdale,IL,60827
225 West Court Street,Kankakee,IL,60901
8001 North 2nd Street,Machesney Park,IL,61115
2617 18th Avenue,Rock Island,IL,61201
3034 West Lincoln,Peoria,IL,61605
9315 North Lindbergh Drive,Peoria,IL,61615
1111 North Dunlap St,Savoy,IL,61874
2422 College Avenue,Alton,IL,62002
4609 West Main Street,Belleville,IL,62226
1801 North Illinois Street,Swansea,IL,62226
570 North Fairview Avenue,Decatur,IL,62522
One South Commercial Street,Harrisburg,IL,62946
2419 Nichol Avenue,Anderson,IN,46016
13090 Pettigru Drive,Carmel,IN,46032
14835 Sunny Dell Lane,Noblesville,IN,46060
13085 Tegler Drive,Noblesville,IN,46060
3280 East State Road 32,Westfield,IN,46074
1466 West Oak Street,Zionsville,IN,46077
336 South Delaware Street,Indianapolis,IN,46204
1299 West Southport Road,Indianapolis,IN,46217
1030 Arlington Avenue,Indianapolis,IN,46219
5925 East 71st Street,Indianapolis,IN,46220
2320 Cunningham Road,Indianapolis,IN,46224
8330 Crawfordsville Road,Indianapolis,IN,46234
9550 Allisonville Road,Indianapolis,IN,46250
9805 Geist Crossing Drive,Indianapolis,IN,46256
7240 E 82nd Street,Indianapolis,IN,46256
3600 Cassopolis Street,Elkhart,IN,46514
130 East Cleveland Road,Granger,IN,46530
21467 State Road 933,South Bend,IN,46637
10170 Illinois Road,Fort Wayne,IN,46804
6279 East State Blvd.,Fort Wayne,IN,46815
770 East Dupont Road,Fort Wayne,IN,46825
610 West Markland,Kokomo,IN,46901
4495 State Road 46,Columbus,IN,47201
2150 Chester Boulevard,Richmond,IN,47374
4444 West State Road 46,Bloomington,IN,47404
307 East National Highway,Washington,IN,47501
609 North St Joseph Avenue,Evansville,IN,47710
670 Margaret Avenue,Terre Haute,IN,47802
1725 Salem Street,Lafayette,IN,47904
50 Sagamore Parkway South,Lafayette,IN,47905
2300 Iowa Street,Lawrence,KS,66046
390 Limit Street,Leavenworth,KS,66048
4841 Bauer Farm Drive,Lawrence,KS,66049
18351 West 119th Street,Olathe,KS,66061
1785 South Mur-len Road,Olathe,KS,66062
950 Minnesota Avenue,Kansas City,KS,66101
3750 State Avenue,Kansas City,KS,66102
9501 Nall Avenue,Overland Park,KS,66207
8200 Mission Road,Prairie Village,KS,66208
10050 Woodland Road,Lenexa,KS,66220
11900 West 135th Street,Overland Park,KS,66221
22700 West 55th Terrace,Shawnee,KS,66226
3901 SW 21st Street,Topeka,KS,66601
4808 East Central Avenue,Wichita,KS,67208
3149 East Harry,Wichita,KS,67211
2169 Midland Trail,Shelbyville,KY,40065
2311 Lime Kiln Road,Louisville,KY,40222
10490 Shelbyville Road,Louisville,KY,40223
24 West Lexington Avenue,Winchester,KY,40391
118 East New Circle Road,Lexington,KY,40507
102 Village Lane,Hazard,KY,41701
704 US HWY 31 W BYPASS,Bowling Green,KY,42101
2105 Cleary Avenue,Metairie,LA,70001
1600 Elysian Fields Avenue,New Orleans,LA,70117
4401 South Claiborne,New Orleans,LA,70125
3621 General De Gaulle Drive,New Orleans,LA,70131
1850 North Highway 190,Covington,LA,70433
800 Brownswitch Road,Slidell,LA,70458
2103 Gause Boulevard East,Slidell,LA,70461
1326 West Pinhook Road,Lafayette,LA,70503
705 Bertrand Dr,Lafayette,LA,70506
5044 Ambassador Caffrey Parkway,Lafayette,LA,70508
1100 Veterans Memorial Drive,Abbeville,LA,70510
1013 East Landry Street,Opelousas,LA,70570
1214 Main Street,Baker,LA,70714
640 South Range Avenue,Denham Springs,LA,70726
3384 Government Street,Baton Rouge,LA,70806
7411 Florida Boulevard,Baton Rouge,LA,70806
7777 Bluebonnet Boulevard,Baton Rouge,LA,70808
5360 Highland Road,Baton Rouge,LA,70808
12880 Airline Highway,Baton Rouge,LA,70817
9326 Burbank Drive,Baton Rouge,LA,70820
7004 Youree Drive,Shreveport,LA,71105
9194 Mansfield Road,Shreveport,LA,71118
1710 Louisville Avenue,Monroe,LA,71201
235 Center Street,Chicopee,MA,01013
250 Whiting Farms Road,Holyoke,MA,01040
366 King Street,Northhampton,MA,01060
215 College Highway,Southwick,MA,01077
928 Riverdale Street,West Springfield,MA,01089
770 Boston Road,Springfield,MA,01119
107 West Street,Pittsfield,MA,01201
246 Mill Street,Leominster,MA,01453
301 Central Street,Winchendon,MA,01475
142 Worcester Road,Charlton,MA,01507
720 Boston Turnpike Road,Shrewsbury,MA,01545
481 Lincoln Street,Worcester,MA,01601
44 West Boylston Street,Worcester,MA,01608
4 Broadway Road,Dracut,MA,01826
150 Lafayette Square,Haverhill,MA,01832
109 Main Street,North Andover,MA,01845
451 Main Street,Wakefield,MA,01880
311 Newbury Street,Danvers,MA,01923
114 Central Street,Ipswich,MA,01938
2 Lafayette Road,Salisbury,MA,01952
272 Highland Avenue,Salem,MA,01970
370 Pulaski Boulevard,Bellingham,MA,02019
652 South Street,Wrentham,MA,02093
1921 Centre Street,West Roxbury,MA,02132
1080 Eastern Avenue,Malden,MA,02148
32 Ferry Street,Malden,MA,02148
1010 Revere Beach Parkway,Chelsea,MA,02150
800 Lexington Street,Waltham,MA,02154
178 Washington Street,Braintree,MA,02184
9-19 Summer Street,Bridgewater,MA,02324
100D North Main Street,Carver,MA,02330
480 North Franklin Street,Holbrook,MA,02343
842 South Franklin Street,Holbrook,MA,02343
419 East Falmouth Highway,East Falmouth,MA,02536
136 Ashley Boulevard,New Bedford,MA,02746
266 Route 44,Raynham,MA,02767
599 State Road,Westport,MA,02790
3061 Technology Place,Waldorf,MD,20601
3855 Leonardtown Road,Waldorf,MD,20602
4200 Altamont Place,White Plains,MD,20695
11100 Baltimore Avenue,Beltsville,MD,20705
8601 Martin Luther King Jr. Hwy.,Glenarden,MD,20706
1910 Crain Highway,Bowie,MD,20716
6001 Highbridge Road,Bowie,MD,20720
4840 Marlboro Pike,Capitol Heights,MD,20743
8201 Oxon Hill Road,Fort Washington,MD,20744
3714 Branch Avenue,Temple Hills,MD,20746
7012 Marlboro Pike,Forestville,MD,20747
11906 Livingston Road,Fort Washington,MD,20749
8197 Westside Boulevard,Fulton,MD,20759
5910 Greenbelt Road,Greenbelt,MD,20770
7600 SE Crain Highway,Upper Marlboro,MD,20772
5100 Brown Station Road,Upper Marlboro,MD,20772
5621 Sargent Road,Hyattsville,MD,20782
7401 Annapolis Road,Landover Hills,MD,20784
8201 Annapolis Road,New Carrolton,MD,20784
7809 Wisconsin Avenue,Bethesda,MD,20814
360 Hungerford Dr.,Rockville,MD,20850
20 Upper Rock Circle,Rockville,MD,20850
799 Rockville Pike,Rockville,MD,20852
1580 Rockville Pike,Rockville,MD,20852
15600 Columbia Pike,Burtonsville,MD,20866
12825 Wisteria Drive,Germantown,MD,20874
19901 Frederick Road,Germantown,MD,20876
12215 Darnestown Road,Gaithersburg,MD,20878
11190 Viers Mill Road,Wheaton,MD,20902
1500 Ritchie Highway SWC,Arnold,MD,21012
6383 Ten Oaks Road,Clarksville,MD,21029
1013 Woodbridge Center Way,Edgewood,MD,21040
5405 Lynx Lane,Columbia,MD,21044
228 Mountain Road,Fallston,MD,21047
7400 Ritchie Highway,Glen Burnie,MD,21061
7650 Port Capital Dr.,Jessup,MD,21075
7706 Milestone Parkway,Hanover,MD,21076
2600 Annapolis Road,Severn,MD,21076
1008 Pulaski Highway,Havre De Grace,MD,21078
1102 Annapolis Road,Odenton,MD,21113
10201 Reisterstown Road,Owings Mills,MD,21117
8501 Fort Smallwood Road,Pasadena,MD,21122
9820 Belair Road,Perry Hall,MD,21128
7851 Telegraph Road,Severn,MD,21144
157 Ritchie Highway,Severna Park,MD,21146
2504 North Charles Street,Baltimore,MD,21218
500 Eastern Boulevard,Essex,MD,21221
2560 West Franklin Street,Baltimore,MD,21223
2911 E. Joppa Rd,Carney,MD,21234
4140 Joppa Road,Nottingham,MD,21236
9519 Philadelphia Road,Baltimore,MD,21237
503 South Cherry Grove Avenue,Annapolis,MD,21401
975 Bay Ridge Road,Annapolis,MD,21403
8032 Liberty Road,Frederick,MD,21701
1460B West Patrick Street,Frederick,MD,21701
2040 Rosemont Avenue,Frederick,MD,21701
3350 Worthington Road,Urbana,MD,21704
10 East Wilson Boulevard,Hagerstown,MD,21740
1503 Potomac Avenue,Hagerstown,MD,21742
5414 Rotary Avenue,New Market,MD,21774
6040 Sykesville Road,Eldersburg,MD,21784
1016 South Salisbury Boulevard,Salisbury,MD,21801
12001 Coastal Highway,Ocean City,MD,21842
384 Elm Street,Biddeford,ME,04005
111 Auburn Street,Portland,ME,04103
51 Market Street,South Portland,ME,04106
8 Union Street,Auburn,ME,04210
24 Stone Street,Augusta,ME,04330
1402 W. 14 Mile,Clawson,MI,48017
21777 21 Mile Road,Macomb Township,MI,48044
33021 Garfield,Fraser,MI,48066
27050 John R. Road,Madison Heights,MI,48071
30920 Southfield Road,Southfield,MI,48076
1980 East Big Beaver Road,Troy,MI,48083
2100 West Stadium,Ann Arbor,MI,48103
1700 South Industrial Highway,Ann Arbor,MI,48104
5757 Whitmore Lake Road,Brighton,MI,48116
39350 Nine Mile Road,Farmington Hills,MI,48167
44300 5 Mile Road,Northville,MI,48168
14140 Woodward,Highland Park,MI,48203
6862 N. Michigan Ave.,Detroit,MI,48209
17120 Kercheval Avenue,Grosse Pointe,MI,48230
15521 West Seven Mile Road,Detroit,MI,48235
2115 Twenty-Five Mile Road,Shelby Township,MI,48316
46960 Van Dyke Ave.,Shelby,MI,48317
720 General Motors Road,Milford,MI,48381
100 West Maple Road,Walled Lake,MI,48390
111 North Main Street,Frankenmuth,MI,48734
240 M.A.C. East,Lansing,MI,48823
1550 Lake Drive Southeast,Grand Rapids,MI,49506
727 28th Street,Grand Rapids,MI,49509
5603 Byron Center Avenue SW,Wyoming,MI,49519
1411 Vermillion Street,Hastings,MN,55033
499 Snelling Avenue North,St. Paul,MN,55101
810 Maryland East,St. Paul,MN,55106
2730 County Road East,White Bear Lake,MN,55110
2800 County Road 10,Mounds View,MN,55112
2650 Rice Street,Little Canada,MN,55117
1471 Robert Street,West St. Paul,MN,55118
4241 Johnny Cake Ridge Road,Eagan,MN,55122
15115 Dove Trail,Apple Valley,MN,55124
8468 Tamarack Road,Woodbury,MN,55125
657 East Main Street,Anoka,MN,55303
7765 Galpin Boulevard,Chanhassen,MN,55317
8251 Columbine Road,Eden Prairie,MN,55344
3655 Central Avenue,Minneapolis,MN,55421
6540 Penn Avenue South,Richfield,MN,55423
7932 27th Avenue North,New Hope,MN,55428
2017 Coon Rapids Boulevard,Coon Rapids,MN,55433
4140 Road 101 North,Plymouth,MN,55446
10930 University Avenue NW,Coon Rapids,MN,55448
2357 108th Lane NE,Blaine,MN,55449
2420 Division Street,St. Cloud,MN,56301
2120 Lone Star Drive,Arnold,MO,63010
14400 Clayton Rd,Ballwin,MO,63011
12380 St. Charles Rock Road,Bridgeton,MO,63044
2120 Osage Street West,Pacific,MO,63069
3925 Lindell Boulevard,St. Louis,MO,63108
7320 Gravois Avenue,St. Louis,MO,63116
4100 Gravois Ave,St. Louis,MO,63116
10820 Manchester Road,Kirkwood,MO,63122
9141 Olive Boulevard,Olivette,MO,63132
3002 Highway K,O'Fallon,MO,63368
400 Mid Rivers Mall Road,Saint Peters,MO,63376
3201 South 7 Highway,Blue Springs,MO,64014
1315 West 23rd Street,Independence,MO,64052
1545 East 23rd Street South,Independence,MO,64055
17301 East US 24 Highway,Independence,MO,64056
1301 Platte Falls Road,Platte City,MO,64079
3351 SW 3rd Street,Lees Summit,MO,64081
1215 West Foxwood Drive,Raymore,MO,64083
3902 Main Street,Kansas City,MO,64111
4149 North Oak Trafficway,Kansas City,MO,64116
4990 Northeast Vivion Road,Kansas City,MO,64119
5310 Blueridge Boulevard,Raytown,MO,64133
4750 Lees Summit Road,Kansas City,MO,64136
13101 State Line Road,Kansas City,MO,64145
500 Bishop Avenue North,Rolla,MO,65401
2715 E. Battlefield St,Springfield,MO,65804
1153 East Elm Street,Springfield,MO,65806
1220 E Republic Street,Springfield,MO,65807
589 N Martin Luther King Jr. Drive,Winston-Salem,NC,27101
5001 Country Club Road,Winston-Salem,NC,27104
5471 University Parkway,Winston-Salem,NC,27105
606 Coliseum Drive,Winston-Salem,NC,27106
3333 Robinhood Road,Winston-Salem,NC,27106
3592 Yadkinville Road,Winston-Salem,NC,27106
440 East Dixie Drive,Asheboro,NC,27203
2017 West Webb Avenue,Burlington,NC,27215
1009 West Main Street,Haw River,NC,27258
1398 Union Cross Road,Kernersville,NC,27284
4601 US Hwy. 220 North,Summerfield,NC,27358
1903 West Florida Street,Greensboro,NC,27403
4310 West Wendover Avenue,Greensboro,NC,27407
2210 Fleming Road,Greensboro,NC,27410
13440 NC 210 Highway,Benson,NC,27504
11314 US 15-501,Chapel Hill,NC,27514
5859 Tryon Road,Cary,NC,27518
2994 Kildaire Farm Road,Cary,NC,27518
2797 Highway 55,Cary,NC,27519
7025 Winston Hill Drive,Cary,NC,27519
10170 Green Level Church Road,Cary,NC,27519
32 Village Center Drive,Clayton,NC,27527
790 Timber Drive,Garner,NC,27529
900 North Madison Boulevard,Roxboro,NC,27573
245 Roosevelt Ave. East,Wake Forest,NC,27587
3051 New Bern Avenue,Raleigh,NC,27606
3500 Wake Forest Road,Raleigh,NC,27609
6131 Six Forks Road,Raleigh,NC,27609
4309 New Bern Avenue,Raleigh,NC,27610
6840 Glenwood Avenue,Raleigh,NC,27612
2340 Spring Forest Road,Raleigh,NC,27615
13304 Leesville Church Road,Raleigh,NC,27617
3737 Roxboro Street,Durham,NC,27704
3573 Hillsborough Road,Durham,NC,27705
6911 Garrett Road,Durham,NC,27707
1845 Martin Luther King Parkway,Durham,NC,27707
5311 Roxboro Road,Durham,NC,27712
930 Martin Luther King Jr,Durham,NC,27713
2605 Sunset Avenue,Rocky Mount,NC,27804
704 South Memorial Drive,Greenville,NC,27834
1124 East 10th Street,Roanoke Rapids,NC,27870
3739 Nash Street,Wilson,NC,27896
1260 Union Street,Concord,NC,28025
44 Branchview Drive,Concord,NC,28025
19305 West Catawba Avenue,Cornelius,NC,28031
2002 Shiloah Church Road,Davidson,NC,28036
1850 West Franklin Boulevard,Gastonia,NC,28052
1803 South New Hope Road,Gastonia,NC,28054
3658 South New Hope Road,Gastonia,NC,28056
9931 Gilead Road,Huntersville,NC,28078
520 North Cannon Boulevard,Kannapolis,NC,28083
14600 Lawyers Road,Matthews,NC,28104
3610 Mathews Mint Road,Mathews,NC,28105
3310 Siskey Parkway,Matthews,NC,28105
111 South Main Street,Rutherfordton,NC,28139
105 East College Avenue,Shelby,NC,28152
442 Highway 27 South,Stanley,NC,28164
1142 North Broom Street,Waxhaw,NC,28173
1602 Providence Road South,Waxhaw,NC,28173
1235 Pecan Avenue,Charlotte,NC,28205
4391 Central Ave.,Charlotte,NC,28205
9915 Park Cedar Drive,Charlotte,NC,28210
5700 Albemarle Road,Charlotte,NC,28212
9805 Rocky River Road,Charlotte,NC,28215
6110 The Plaza,Charlotte,NC,28215
115 West Arrowood Road,Charlotte,NC,28217
306 East Woodlawn Road,Charlotte,NC,28217
2325 Village Lake Drive,Charlotte,NC,28227
10730 Providence Road,Charlotte,NC,28262
11430 North Tryon Street,Charlotte,NC,28262
8420 Steele Creek Road,Charlotte,NC,28273
9628 Rea Road,Charlotte,NC,28277
4098 Houston Field Court,Charlotte,NC,28277
16035 Johnston Road,Charlotte,NC,28277
3362 Bragg Boulevard,Fayetteville,NC,28303
4923 Raeford Road,Fayetteville,NC,28304
7469 Rockfish Road,Fayetteville,NC,28306
100 Law Road,Fayetteville,NC,28311
1550 North Sandhills Boulevard,Aberdeen,NC,28315
634 South Main,Kenansville,NC,28349
3001 Fayetteville Rd,Lumberton,NC,28358
2302 South 17th Street,Wilmington,NC,28401
4600 Oleander Drive,Wilmington,NC,28403
2607 Carolina Beach Road,Wilmington,NC,28412
5712 Castle Hayne Road,Castle Hayne,NC,28429
1132 East Cutler Crossing,Leland,NC,28451
1703 Live Oak Street,Beaufort,NC,28516
5020 Arendell Street,Morehead,NC,28557
1220 Highway 321 NW,Hickory,NC,28601
2701 South NC Highway 127,Hickory,NC,28602
2147 Blowing Rock Road,Boone,NC,28607
1127 N. Bridge Street,Elkin,NC,28621
178 Turnersburg Highway,Statesville,NC,28625
215 North Center Street,Statesville,NC,28677
555 North Main Street,Marion,NC,28752
1605 Four Seasons Boulevard,Hendersonville,NC,28792
1080 Hendersonville Road,Asheville,NC,28803
14460 West Maple Road,Omaha,NE,68116
6901 South 84th Street,La Vista,NE,68128
4840 Dodge Street,Omaha,NE,68132
1550 South Street,Lincoln,NE,68502
4800 O Street,Lincoln,NE,68510
5611 S. 27th Street,Lincoln,NE,68512
5566 South 56th Street,Lincoln,NE,68516
212-214 Daniel Webster Highway,Nashua,NH,03060
5 Hampstead Road,Salem,NH,03079
432 South Main Street,Manchester,NH,03102
271 Mammoth Road,Manchester,NH,03104
10 Whitehall Road,Hooksett,NH,03106
4 Hall Street,Concord,NH,03301
157 Loudon Road,Concord,NH,03301
321 Lafayette Road,Hampton,NH,03842
1041 Pompton Avenue,Cedar Grove,NJ,07009
65 River Road,Edgewater,NJ,07020
440 Bellville Turnpike,North Arlington,NJ,07031
15 Boonton Turnpike,Lincoln Park,NJ,07035
1000 W St Georges Avenue,Linden,NJ,07036
453 Valley Road,Maplewood,NJ,07040
394 Broadway,Passaic,NJ,07055
1319 Magie Avenue,Union,NJ,07083
275 Chestnut Street,Newark,NJ,07105
430 Westfield Avenue,Elizabeth,NJ,07208
29-00 Broadway Route 4,Fair Lawn,NJ,07410
5740 Berkshire Valley Road,Oakridge,NJ,07438
50 West Madison Avenue,Dumont,NJ,07628
221 Main Street,Lodi,NJ,07644
269A Livingston Street,Northvale,NJ,07647
150 Rochelle Avenue,Rochelle Park,NJ,07662
911 Highway 35,Ocean Township,NJ,07712
253 Gordon's Corner Road,Manalapan,NJ,07726
3391 Highway 35,Hazlet,NJ,07730
470 Route 36,Highlands,NJ,07732
557 South Atlantic Avenue,Aberdeen,NJ,07747
27 Morristown Road,Matawan,NJ,07747
483 Route 79,Marlboro,NJ,07751
11 Theatre Centre Street,Sparta,NJ,07871
77 Route 206,Stanhope,NJ,07874
5000 Route 42,Blackwood,NJ,08012
9 Berlin Road,Clementon,NJ,08021
74 South Lakeview Drive,Gibbsboro,NJ,08026
1 Route 70 East,Cherry Hill,NJ,08034
8 Eden Avenue,Edison,NJ,08042
2920 Route 73 North,Maple Shade,NJ,08052
137 Route 70,Medford,NJ,08055
1300 Woodlane Road,Eastampton,NJ,08060
508 High Street,Mt. Holly,NJ,08060
524 Mullica Hill Road,Harrison,NJ,08062
824 Black Horse Pike,Runnemede,NJ,08078
1239 South Blackhorse Pike,Williamstown,NJ,08094
3002 Mount Ephraim Avenue,Camden,NJ,08104
4315 Marlton Pike,Pennsauken,NJ,08109
3313 Brigantine Blvd,Brigantine,NJ,08203
2078 US Highway 9 South,Upper Township,NJ,08230
900 North New Road,Pleasantville,NJ,08232
3629 E. Landis Avenue,Vineland,NJ,08361
2311 Route 206,Belle Mead,NJ,08502
890 Bennetts Mills Road,Jackson Township,NJ,08527
4 Schalks Crossing Road,Plainsboro,NJ,08536
881 State Highway 206,Princeton,NJ,08540
1200-1248 Greenwood Avenue,Trenton,NJ,08609
200 Route 33,Hamilton Township,NJ,08619
2281 Route 33,Robbinsville,NJ,08691
1357 Lakewood Road,Toms River,NJ,08753
440 Union Avenue,Bridgewater,NJ,08807
380 Route 18,East Brunswick,NJ,08816
1133 Inman Avenue,Edison,NJ,08820
798 Route 202,Flemington,NJ,08822
2257 US Highway 1 South,North Brunswick,NJ,08823
2988 Route 516,Old Bridge,NJ,08857
4340 San Mateo Boulevard NE,Albuquerque,NM,87110
1510 Tramway Boulevard NE,Albuquerque,NM,87112
10700 Unser Blvd NW,Albuquerque,NM,87114
4201 Montano Rd NW,Albuquerque,NM,87120
7900 Central Avenue SW,Albuquerque,NM,87121
7847 Tramway Boulevard,Albuquerque,NM,87122
2907 Cerrillos Road,Santa Fe,NM,87507
940 N. Main Street,Las Cruces,NM,88001
610 Silver Heights Boulevard,Silver City,NM,88061
801 North Canal Street,Carlsbad,NM,88220
1408 West Craig Road,Las Vegas,NV,89032
3655 West Craig Road,North Las Vegas,NV,89032
2662 West Horizon Ridge Parkway,Henderson,NV,89052
6391 West Lake Mead Boulevard,Las Vegas,NV,89108
2735 South Maryland Parkway,Las Vegas,NV,89109
4391 East Washington Avenue,Las Vegas,NV,89110
7285 South Durango Drive,Las Vegas,NV,89113
3290 South Fort Apache Road,Las Vegas,NV,89117
8580 West Charleston Boulevard,Las Vegas,NV,89117
2525 South Buffalo Drive,Las Vegas,NV,89117
1825 East Warm Springs Road,Las Vegas,NV,89119
3810 East Sunset Road,Las Vegas,NV,89120
2425 East Desert Inn Road,Las Vegas,NV,89121
2935 S. Hollywood Boulevard,Las Vegas,NV,89122
8116 South Las Vegas Boulevard,Las Vegas,NV,89123
9405 West Russell Road,Las Vegas,NV,89148
2890 Northtowne Lane,Reno,NV,89512
55 Damonte Ranch Parkway,Reno,NV,89521
1695 Robb Drive,Reno,NV,89523
1856 Pleasantville Road,Briarcliff Manor,NY,10150
1571 Forest Avenue,Staten Island,NY,10302
2045 Forest Avenue,Staten Island,NY,10303
1125 Bay Street,Staten Island,NY,10305
250 Page Avenue,Staten Island,NY,10307
4065 Amboy Avenue,Staten Island,NY,10308
2465 Richmond Avenue,Staten Island,NY,10314
565 W235th Street,Bronx,NY,10463
1688 Westchester Avenue,Bronx,NY,10472
715 Bedford Road,Bedford Hills,NY,10507
270 Halstead Avenue #278,Harrison,NY,10528
1100 East Boston Post Road,Mamaroneck,NY,10543
211 East Sandford Boulevard,Mt. Vernon,NY,10550
202 South Highland Avenue,Ossining,NY,10562
20 Welcher Avenue,Peekskill,NY,10566
12 West Ramapo Road,Garnerville,NY,10923
372 Jericho Turnpike,Floral Park,NY,11001
1797 Dutch Broadway,Elmont,NY,11003
310 Hillside Avenue,New Hyde Park,NY,11040
530 Burnside Avenue,Inwood,NY,11096
6831 Bay Parkway,Brooklyn,NY,11204
2320 Ralph Avenue,Brooklyn,NY,11234
4112 Avenue U,Brooklyn,NY,11234
153-01 10th Avenue,Whitestone,NY,11357
61-15 Metropolitan Avenue,Ridgewood,NY,11385
251-21 Jamaica Avenue,Bellerose,NY,11426
410 Jericho Turnpike,Mineola,NY,11501
951 Atlantic Avenue,Baldwin,NY,11510
114 South Long Beach Road,Freeport,NY,11520
65 Forest Avenue,Glen Cove,NY,11542
610 Old Country Road,Westbury,NY,11590
107 South Country Road,Bellport,NY,11713
Candlewood Road and 5th Avenue,Brentwood,NY,11717
2315 Middle Country Road,Centereach,NY,11720
977 Jericho Turnpike,Smithtown,NY,11725
1710 Route 112,Coram,NY,11727
520 Larkfield Road,East Northport,NY,11731
2000 Jericho Turnpike,East Northport,NY,11731
450 Main Street,Farmingdale,NY,11735
111 Depot Road,Huntington Station,NY,11746
831 Connetquot Avenue,Islip Terrace,NY,11752
2970 Hempstead Turnpike,Levittown,NY,11756
470 West Main Street,Patchogue,NY,11772
729 Portion Road,Ronkonkoma,NY,11779
105 Montauk Highway,West Sayville,NY,11782
2250 Seamans Neck Road,Seaford,NY,11783
111 Terry Road,Smithtown,NY,11787
6221 Rte 25A,Wading River,NY,11792
399 Jerusalem Avenue,Hicksville,NY,11855
311 Main Street,Center Moriches,NY,11934
496 County Road 111,Manorville,NY,11949
29 Havenwood Drive,Shirley,NY,11967
726 East Main Street,Cobleskill,NY,12043
1544 Crescent Road,Clifton Park,NY,12065
885 Central Avenue,Albany,NY,12206
1301 Ulster Avenue,Kingston,NY,12401
3081 Route 22,Dover Plains,NY,12522
Route 44 East,Millerton,NY,12546
203 South Plank Road,Newburgh,NY,12550
7568 North Broadway,Red Hook,NY,12571
5 Main Street,Queensbury,NY,12801
1253 Dix Avenue,Hudson Falls,NY,12839
312 Fayette Street,Manlius,NY,13104
157-163 Robinson Street,Binghamton,NY,13904
9300 Transit Road,East Amherst,NY,14051
392 Kenmore Avenue,Buffalo,NY,14223
1980 Kensington Avenue,Amherst,NY,14226
6510 Brockport-Spencerport Road,Brockport,NY,14420
1304 Fairport Road,Fairport,NY,14450
2580 East Henrietta Road,Rochester,NY,14623
625 West Clinton Street,Ithaca,NY,14850
1725 West Central Avenue,Delaware,OH,43015
4961 Roberts Road,Hilliard,OH,43026
955 North 21st Street,Newark,OH,43058
3488 Seldom Seen Road,Powell,OH,43065
8467 East Main Street,Reynoldsburg,OH,43068
9151 South Old State Road,Columbus,OH,43081
918 High Street,Worthington,OH,43085
2120 Stingtown Road,Grove City,OH,43123
1795 Columbus Avenue,Washington Courthouse,OH,43160
3424 South High Street,Columbus,OH,43207
1495 West 5th Avenue,Columbus,OH,43212
1885 West Henderson Road,Upper Arlington,OH,43220
60 North Stygler Road,Gahanna,OH,43230
535 Delaware Avenue,Marion,OH,43302
2104 S. Byrne Road,Toledo,OH,43614
103 North Maysville Road,Zanesville,OH,43701
68501 Addie Way,St Clairsville,OH,43950
35000 Center Ridge Road,North Ridgeville,OH,44039
27713 Lorain Road,North Olmstead,OH,44070
1506 Mentor Avenue,Painesville,OH,44077
10085 Darrow Road,Twinsburg,OH,44087
3171 West Boulevard,Cleveland,OH,44102
8000 Euclid Avenue,Cleveland,OH,44103
4240 Pearl Road,Cleveland,OH,44109
13027 Lorain Avenue,Cleveland,OH,44111
14440 Cedar Road,University Heights,OH,44121
1491 SOM Center Road,Mayfield Heights,OH,44124
5812 Ridge Road,Parma,OH,44129
7259 Pearl Road,Middleburg Heights,OH,44130
13777 Pearl Road,Strongsville,OH,44136
30791 Detroit Road,Westlake,OH,44145
1443 Richmond Road,Lyndhurst,OH,44214
500 South Water Street,Kent,OH,44240
1943 West Market Street,Akron,OH,44313
1331 Youngstown,Warren Road,Niles,OH,44446
7230 Market Street,Boardman,OH,44512
7292 Fulton Drive NW,Canton,OH,44718
1339 North Main Street,North Canton,OH,44720
1049 West Fourth Street,Mansfield,OH,44906
1115 High Street,Hamilton,OH,45011
710 North Main Street,Springboro,OH,45066
8372 Vine Street,Cincinnati,OH,45216
5811 Colerain Road,Cincinnati,OH,45239
154 North College Street,Piqua,OH,45356
5981 Far Hills Avenue,Dayton,OH,45429
555 East State Street,Athens,OH,45701
463 Tiffan Avenue,Findlay,OH,45840
1520 South Bryant Avenue,Edmond,OK,73013
3651 West Robinson Street,Norman,OK,73072
1301 North Santa Fe Avenue,Edmond,OK,73099
900 S.W. 44th Street,Oklahoma City,OK,73109
2323 North Martin Luther King,Oklahoma City,OK,73111
12301 North May Avenue,Oklahoma City,OK,73120
9401 North Pennsylvania Avenue,The Village,OK,73120
2100 SW 119th,Oklahoma City,OK,73170
751 West Tucson Street,Broken Arrow,OK,74011
2351 N. 9th Street,Broken Arrow,OK,74012
4107 South Harvard Avenue,Tulsa,OK,74105
8010 East 51st Street,Tulsa,OK,74145
975 Rostraver Road,Vernon,PA,15012
4849 William Flynn Highway,Allison Park,PA,15101
5703 Steubenville Pike,McKees Rocks,PA,15136
3893 William Penn Hwy,Monroeville,PA,15146
70 West Steuben Street,Crafton,PA,15205
4664 Browns Hill Road,Pittsburgh,PA,15217
328 Cochran Road,Mt. Lebanon,PA,15228
611 Duncan Avenue,Pittsburgh,PA,15237
1740 Washington Road,Pittsburgh,PA,15241
2501 Warren Road,Indiana,PA,15701
1181 Freedom Road,Cranberry Township,PA,16066
734 East Washington Street,New Castle,PA,16101
1803 Wilmington Road,New Castle,PA,16105
3750 Sterrettania Road,Erie,PA,16506
6706 Carlisle Pike,Mechanicsburg,PA,17050
550 North Progress Avenue,Harrisburg,PA,17109
5001 Jonestown Road,Harrisburg,PA,17109
820 Edgewood Road,York,PA,17403
385 North Broad Street,Lititz,PA,17543
2110 Spring Valley Rd,Lancaster,PA,17601
1849 Lycoming Creek Road,Williamsport,PA,17701
6050 Sterners Way Unit 1,Bethlehem,PA,18017
2434 Catasauqua Road,Bethlehem,PA,18018
620 Old Philadelphia Road,Easton,PA,18042
3519 Nazareth Road,Easton,PA,18043
3295 PA Route 100,Macungie,PA,18062
3265 County Line Road,Chalfont,PA,18194
509 Davis Street,Scranton,PA,18505
200 South Lincoln Avenue,Newtown,PA,18940
1201 North Fifth Street,Perkasie,PA,18944
402 Route 313,Perkasie,PA,18944
1034 Second Street,Richboro,PA,18954
409 Harleysville Pike,Souderton,PA,18964
455 West Street Road,Warminster,PA,18974
7000 Butler Pike,Ambler,PA,19002
923 Providence Road,Secane,PA,19018
3811 Neshaminy Boulevard,Bensalem,PA,19020
5001 Township Line Road,Drexel Hill,PA,19026
1937 MacDade Boulevard,Folsom,PA,19033
3 South Pennell Road,Lima,PA,19037
920 Bethlehem Pike,Erdenheim,PA,19038
835 Old York Road,Jenkintown,PA,19046
795 Baltimore Pike,Springfield,PA,19064
3930 West Chester Pike,Newtown Square,PA,19073
10901 C Bustleton Avenue,Philadelphia,PA,19116
15500 Bustleton Avenue,Philadelphia,PA,19116
6150 N 5th Street,Philadelphia,PA,19120
7065 Lincoln Drive,Philadelphia,PA,19127
6701 Ridge Avenue,Philadelphia,PA,19128
3300-10 South Broad Street,Philadelphia,PA,19145
1901 West Oregon Avenue,Philadelphia,PA,19146
3780 Main Street,Philadelphia,PA,19147
863 Baltimore Pike,Glenn Mills,PA,19331
599 Bell Tavern Boulevard,Downingtown,PA,19335
141 West Lincoln Highway,Exton,PA,19341
870 Baltimore Pike,Kennett Square,PA,19348
730 Newark Road,Landenberg,PA,19350
335 Lancaster Avenue,Frazer,PA,19355
3015 Lincoln Highway,Thorndale,PA,19372
760 Miles Road,West Chester,PA,19380
1200 Wilmington Pike,West Chester,PA,19382
1040 West Chester Pike,West Chester,PA,19382
130 Schuylkill Rd,Phoenixville,PA,19406
2801 Egypt Road,Audubon,PA,19407
1530 Cowpath Road,Hatfield,PA,19440
2333 Welsh Road,Landsdale,PA,19446
840 South Valley Road,Lansdale,PA,19446
2400 Butler Pike,Plymouth Meeting,PA,19462
351 West Schuylkill Road,Pottstown,PA,19465
2250 New London Turnpike,East Greenwich,RI,02818
1285 South County Trail,East Greenwich,RI,02818
1123 Boston Neck Road,Narragansett,RI,02882
834 Providence Street,West Warwick,RI,02887
151 Franklin Street,Westerly,RI,02891
1776 Broad Street,Cranston,RI,02905
960 Broad Street,Providence,RI,02905
935 Manton Avenue,Providence,RI,02909
63 Newport Avenue,East Providence,RI,02916
26 Putnam Pike,Johnston,RI,02919
2500 Broad Street,Camden,SC,29020
18252 Heritage Highway,Denmark,SC,29042
119 West Boyce Street,Manning,SC,29102
1210 Wilson Road,Newberry,SC,29108
321 North Main Street,Saluda,SC,29138
41 East Calhoun Street,Sumter,SC,29150
1210 Charleston Highway,Columbia,SC,29169
2401 Sunset Boulevard,West Columbia,SC,29169
27 US Highway 321 Bypass South,Winnsboro,SC,29180
900 Assembly Street,Columbia,SC,29201
3700 Two Notch Road Forest Acres,Columbia,SC,29204
7749 Garners Ferry Road,Columbia,SC,29209
4310 Hardscrabble Road,Columbia,SC,29210
100 Outlet Point Blvd,Columbia,SC,29210
3055 Broad River Road,Columbia,SC,29229
1751 East Main Street,Spartanburg,SC,29307
1888 Boiling Spring Road,Spartanburg,SC,29316
109 W Manning Street,Chesnee,SC,29323
194 Jacobs Highway,Clinton,SC,29325
4400 Dorchester Road,Charleston,SC,29405
1506 Montague Avenue,North Charleston,SC,29405
8995 University Boulevard,North Charleston,SC,29406
2152 Savannah Highway,Charleston,SC,29407
1020 Orange Grove Road,Charleston,SC,29407
2566 Ashley River Road,Charleston,SC,29414
1055 Red Bank Road,Goose Creek,SC,29445
100 Rembert Dennis Boulevard,Monck's Corner,SC,29461
1676 Highway 17 North,Mount Pleasant,SC,29464
1515 Old Trolley Road,Summerville,SC,29485
555 Robertson Boulevard,Walterboro,SC,29488
901 Market Street,Cheraw,SC,29520
1211 Hwy. 301 North,Dillon,SC,29536
700 N. Main Street,Marion,SC,29571
601 Highway 17 North,Surfside,SC,29576
1303 38th Avenue North,Myrtle Beach,SC,29577
3411 Socastee Boulevard,Myrtle Beach,SC,29588
101 Fetlock Drive,Myrtle Beach,SC,29588
35 South Main Street,Greenville,SC,29601
2100 Augusta Street,Greenville,SC,29602
2210 Laurens Road,Greenville,SC,29607
1141 State Park Road,Greenville,SC,29609
3901 Pelham Road,Greenville,SC,29615
4102 Old Buncome Road,Greenville,SC,29617
902 West Greenwood Street,Abbeville,SC,29620
1405 East Greenville Street,Anderson,SC,29621
2814 North Main Street,Anderson,SC,29621
922 Highway 28 By-Pass,Anderson,SC,29625
1300 Tiger Boulevard Highway 123,Clemson,SC,29631
914 West Georgia Road,Simpsonville,SC,29680
401 SE Main Street,Simpsonville,SC,29681
3300 Wade Hampton Boulevard,Greenville,SC,29687
510 Tom Hall Street,Fort Mill,SC,29715
205 North Van Lingle Mungo Boulevard,Pageland,SC,29728
609 Cherry Road,Rock Hill,SC,29732
101 Edgefield Road,North Augusta,SC,29841
2788 Murfreesboro Pike,Nashville,TN,37010
330 Franklin Road,Brentwood,TN,37027
1154 Liberty Pike,Franklin,TN,37067
101 Glen Oak Boulevard,Hendersonville,TN,37075
4402 Lebanon Road,Hermitage,TN,37076
1200 Gallatin Pike South,Madison,TN,37115
4058 Franklin Road,Murfreesboro,TN,37128
2398 New Salem Highway,Murfreesboro,TN,37128
14299 Old Nashville Hwy.,Smyrna,TN,37167
903 Memorial Boulevard,Springfield,TN,37172
4201 CLARKSVILLE HWY,Nashville,TN,37206
5521 Charlotte Pike,Nashville,TN,37209
735 Harding Place,Nashville,TN,37211
2500 Lebanon Pike,Nashville,TN,37214
2424 North Ocoee Street,Cleveland,TN,37311
5120 Highway 153,Hixson,TN,37343
5501 Brainerd Road,Chattanooga,TN,37411
4700 Highway 58,Chattanooga,TN,37416
2111 North Roan Street #35,Johnson City,TN,37601
840 West Market Street,Johnson City,TN,37604
103 Foothills Mall Road,Maryville,TN,37801
6005 Kingston Pike,Knoxville,TN,37919
9435 South Northshore Drive,Knoxville,TN,37922
9175 Kingston Pike,Knoxville,TN,37922
9137 Middlebrook Pike,Knoxville,TN,37923
4500 East Emory Road,Knoxville,TN,37938
2115 Union Ave,Memphis,TN,38104
3502 Park Avenue,Memphis,TN,38111
6116 Quince Road,Memphis,TN,38119
5055 Stage Road,Memphis,TN,38128
6670 Stage Road,Bartlett,TN,38134
1026 West Avenue North,Crossville,TN,38555
318 West Beauregard Avenue,San Angelo,TX,07690
1550 Stacy Road,Allen,TX,75002
3065 North Josey Lane,Carrollton,TX,75007
1009 West Rosemeade Parkway,Carrolton,TX,75007
4100 State Highway 121,Carrollton,TX,75010
1000 East Sandy Lake Drive,Coppell,TX,75019
2910 FM Road 120 West,Denison,TX,75020
2101 West Spring Creek Parkway,Plano,TX,75023
5401 Lebanon,Frisco,TX,75034
3401 West Walnut Hill Lane,Irving,TX,75038
5702 Lavon Drive,Garland,TX,75040
3034 South First,Garland,TX,75041
1413 Oates Drive,Mesquite,TX,75043
701 East Main Street,Grand Prairie,TX,75050
810 West Pioneer Parkway,Grand Prairie,TX,75051
4203 South Carrier Parkway,Grand Prairie,TX,75052
5300 South Colony,The Colony,TX,75056
1333 Story Road,Irving,TX,75060
159 South Central Expressway,McKinney,TX,75069
8995 Stacy Road,McKinney,TX,75070
2100 Eldorado Parkway,McKinney,TX,75070
6301 West El Dorado Parkway,McKinney,TX,75070
8953 Virginia Parkway,McKinney,TX,75071
2312 W University Ave,McKinney,TX,75071
2140 Hedgecoxe Road,Plano,TX,75074
525 West Parker Road,Plano,TX,75075
1501 Independence Parkway,Plano,TX,75075
605 West Campbell Road,Richardson,TX,75080
2129 East Beltline Road,Richardson,TX,75081
325 West Spring Valley Road,Richardson,TX,75081
1204 East Lufkin Avenue,Lufkin,TX,75091
5920 West Park Boulevard,Plano,TX,75093
601 West 7th Avenue,Corsicana,TX,75110
615 South Cockrell Hill Road,Duncanville,TX,75137
904 E. Cartwright Road,Mesquite,TX,75149
11820 Elam Road,Balch Springs,TX,75180
3133 East Lemmon Avenue,Dallas,TX,75204
4207 Lemmon Avenue,Dallas,TX,75204
5429 Ross Avenue,Dallas,TX,75206
3030 Sylvan Avenue,Dallas,TX,75212
150 East Illinois Avenue,Dallas,TX,75216
10014 Garland Road,Dallas,TX,75218
6004 Samuell Boulevard,Dallas,TX,75228
8555 Ferguson Road,Dallas,TX,75228
7203 Skillman Street,Dallas,TX,75231
8024 Walnut Hill Lane,Dallas,TX,75231
9390 Forest Lane,Dallas,TX,75234
10666 East Northwest Highway,Dallas,TX,75238
13033 Coit Road,Dallas,TX,75240
15105 Preston Road,Dallas,TX,75240
7102 Campbell Road,Dallas,TX,75248
7979 Beltline Road,Dallas,TX,75254
17410 Marsh Lane,Dallas,TX,75287
5010 Wesley Street,Greenville,TX,75401
601 South Jefferson Avenue,Mount Pleasant,TX,75455
3710 Lamar Avenue,Paris,TX,75460
101 Loop 59 North,Atlanta,TX,75551
1754 West Loop 281,Longview,TX,75604
801 West Panola Street,Carthage,TX,75633
725 East Main Street,Henderson,TX,75652
702 East Tyler Street,Athens,TX,75751
1919 South Loop 256,Palestine,TX,75801
923 West Frank Street,Lufkin,TX,75904
1424 North Street,Nacogdoches,TX,75961
815 East Abrams,Arlington,TX,76010
3401 South Collins,Arlington,TX,76014
6151 Matlock Road,Arlington,TX,76018
237 East Pipeline Road,Bedford,TX,76022
825 South Crowley Road,Crowley,TX,76036
1233 Precinct Line Road,Hurst,TX,76053
2200 Matlock,Mansfield,TX,76063
3701 Ira E. Woods Avenue,Grapevine,TX,76092
4140 East Lancaster Avenue,Fort Worth,TX,76103
3614 Camp Bowie,Fort Worth,TX,76107
9620 White Settlement Road,Fort Worth,TX,76108
1201 North Beach Street,Fort Worth,TX,76111
2706 Jacksboro Highway,Fort Worth,TX,76114
700 W. Seminary Drive,Fort Worth,TX,76115
3401 Atla Mere Drive,Fort Worth,TX,76116
8520 West Highway 80,Fort Worth,TX,76116
3220 Denton Highway,Haltom City,TX,76117
3145 Mansfield Highway,Fort Worth,TX,76119
8560 South Hulen Street,Fort Worth,TX,76123
6431 McCart Ave,Fort Worth,TX,76133
4333 Western Center Boulevard,Fort Worth,TX,76137
4400 Basswood Boulevard,Fort Worth,TX,76137
3350 Forest Hill Circle,Forest Hill,TX,76140
1301 North Saginaw,Saginaw,TX,76179
1101 FM 2181,Corinth,TX,76210
801 North Tarrant Parkway,Keller,TX,76248
3601 Jacksboro Highway,Wichita Falls,TX,76302
3201 Seymour Highway,Wichita Falls,TX,76309
2565 West Washington,Stephensville,TX,76401
1501 West Walker,Breckenridge,TX,76424
2674 South 31st Street,Temple,TX,76504
827 East Milam,Mexia,TX,76667
601 North Valley Mills,Waco,TX,76710
1513 South Valley Mills Drive,Beverly Hills,TX,76711
1319 Austin Avenue,Brownwood,TX,76801
1000 Elgin Street,Houston,TX,77004
1003 Richmond Ave.,Houston,TX,77006
4150 North Shepherd Street,Houston,TX,77018
4314 North Freeway,Houston,TX,77022
12502 Memorial Drive,Houston,TX,77024
4715 Westhiemer Road,Houston,TX,77027
10222 East Freeway,Jacinto City,TX,77029
7900 South Main Street,Houston,TX,77030
7950 South Gessner Road,Houston,TX,77036
4131 Aldine Mail Route Road,Houston,TX,77039
5725 N. Eldridge Parkway,Houston,TX,77041
11540 Westheimer Road,Houston,TX,77042
5510 West Orem Drive,Houston,TX,77045
4451 West Fuqua Road,Houston,TX,77045
9838 Buffalo Speedway,Houston,TX,77054
5402 Westheimer Road,Houston,TX,77056
2469 Bay Area,Houston,TX,77058
8234 Broadway Street,Houston,TX,77061
9292 Westheimer Road,Houston,TX,77063
11600 FM 1960 West,Houston,TX,77065
8620 Jones Road,Jersey Village,TX,77065
2828 Spears Road,Houston,TX,77067
3140 FM 1960 Road,Houston,TX,77068
5603 FM1960 W,Houston,TX,77069
19715 Tomball Parkway,Houston,TX,77070
12234 Jones Road,Houston,TX,77070
8550 West Airport Road,Houston,TX,77071
12260 Bellaire Boulevard,Houston,TX,77072
7102 Beechnut Street,Houston,TX,77074
1339 South Dairy Ashford,Houston,TX,77077
15010 Memorial Drive,Houston,TX,77079
9455 Hammerly Road,Houston,TX,77080
5430 Bissonnet Street,Bellaire,TX,77081
11012 Richmond Avenue,Houston,TX,77082
12585 Richmond Avenue,Houston,TX,77082
14606 Richmond Avenue,Houston,TX,77082
13555 Beechnut Street,Houston,TX,77083
6079 State Highway 6 North,Houston,TX,77084
12601 Tomball Parkway,Houston,TX,77086
6161 Telephone Road,Houston,TX,77087
9125 Hillcroft Street,Houston,TX,77096
10902 Bissonnet Road,Houston,TX,77099
2110 North Frazier Street,Conroe,TX,77301
22560 Aldine Westfield,Spring,TX,77373
815 West Main Street,Tomball,TX,77375
8754 Spring Cypress Road,Spring,TX,77379
25110 Grogans Mill Road,Spring,TX,77380
4775 West Panther Creek Drive,The Woodlands,TX,77381
9884 Highway 242,Conroe,TX,77385
2106 Rayford Road,Spring,TX,77386
8000 N. Sam Houston Pkwy East.,Humble,TX,77396
11950 Mason Rd,Richmond,TX,77406
6900 Grand Mission Boulevard,Richmond,TX,77407
2711 7th Street,Bay City,TX,77414
12550 Louetta Road,Cypress,TX,77429
13757 Cypress North Houston Road,Cypress,TX,77429
26265 Northwest Freeway,Cypress,TX,77433
10515 Fry Road,Cypress,TX,77433
7010 Fry Road,Cypress,TX,77433
1616 South Mason,Katy,TX,77450
2781 Dulles Avenue,Missouri City,TX,77459
5306 Avenue I,Rosenberg,TX,77471
10110 SH South,Sugar Land,TX,77478
1250 Highway 6,Sugarland,TX,77479
1710 North Richmond Road,Wharton,TX,77488
1610 Cartwright Road,Missouri City,TX,77489
24950 Franz Road,Katy,TX,77493
3050 West Grandparkway,Katy,TX,77494
3342 Spencer Highway,Pasadena,TX,77504
5610 Spencer Highway,Pasadena,TX,77505
1514 North Alexander,Baytown,TX,77520
930 Southmore Avenue,Pasadena,TX,77520
3923 Garth Road,Baytown,TX,77521
814 Sheldon Road,Channelview,TX,77530
1853 West Second Street,Freeport,TX,77541
2326 61st Street,Galveston,TX,77551
5002 West Main Street,League City,TX,77573
1295 East League City Parkway,League City,TX,77573
3013 Marina Bay Drive,League City,TX,77573
2005 Highway 90,Liberty,TX,77575
11600 Shadow Creek,Pearland,TX,77584
2232 Repsdorph Road,Seabrook,TX,77586
2902 Palmer Highway,Texas City,TX,77590
290 Strickland Drive,Orange,TX,77630
2712 Highway 365,Nederland,TX,77642
4101 Twin City Highway,Port Arthur,TX,77642
2950 North Dowlen Road,Beaumont,TX,77706
3890 Phelan Boulevard,Beaumont,TX,77707
6850 Eastex Freeway,Beaumont,TX,77708
2411 Texas Avenue South,College Station,TX,77840
12980 Bandera Road,Helotes,TX,78023
8027 Kitty Hawk,Converse,TX,78109
210 North Business IH 35,New Braunfels,TX,78130
2020 South Walnut Avenue,New Braunfels,TX,78130
2693 FM 3009,Schertz,TX,78154
2018 Culebra Road,San Antonio,TX,78201
6915 West Avenue,Castle Hills,TX,78213
7202 San Pedro Avenue,San Antonio,TX,78216
3027 Nacogdoches Road,San Antonio,TX,78217
1118 South WW White Road,San Antonio,TX,78220
2920 E Southcross Boulevard,San Antonio,TX,78223
3502 SE Military Drive,San Antonio,TX,78223
2801 Nogalitos Street,San Antonio,TX,78225
103 SW Military Drive,San Antonio,TX,78225
4730 Fredericksburg Road,San Antonio,TX,78229
4805 Medical Drive,San Antonio,TX,78230
8602 Huebner Road,San Antonio,TX,78240
7208 FM 78,San Antonio,TX,78244
15038 Nacogdoches Road,San Antonio,TX,78247
6539 De Zavala Road,San Antonio,TX,78249
4100 De Zavala Road,San Antonio,TX,78249
9140 Guilbeau,San Antonio,TX,78250
7603 Culebra,San Antonio,TX,78251
9838 Potranco,San Antonio,TX,78251
9050 FM 1560 N,San Antonio,TX,78254
22135 IH-10 W,San Antonio,TX,78257
23530 Wilderness Oak,San Antonio,TX,78258
120 East Sonterra Boulevard,San Antonio,TX,78258
1000 East King Street,Kingsville,TX,78363
3205 South Alameda St,Corpus Christi,TX,78404
1240 South Port Avenue,Corpus Christi,TX,78404
4166 South Staples Street,Corpus Christi,TX,78411
7798 South Padre Island Drive,Corpus Christi,TX,78412
4801 South Alameda Street,Corpus Christi,TX,78412
4102 Ayers Street,Corpus Christi,TX,78415
5600 North 23rd Street,McAllen,TX,78504
7395 Padre Island Highway,Brownsville,TX,78520
1484 Ruben M Torres Sr Boulevard,Brownsville,TX,78521
2820 West University Drive,Edinburg,TX,78539
2121 West Trenton Road,Edinburg,TX,78539
118 East Harrison,Harlingen,TX,78550
1301 So. Cage Blvd,Pharr,TX,78577
111 East Hidalgo Avenue,Raymondville,TX,78580
220 S FM 1626,Buda,TX,78610
1855 Gattis School Road,Round Rock,TX,78664
2001 East Palm Valley Boulevard,Round Rock,TX,78665
920 Highway 80,San Marcos,TX,78666
800 West Old Settlers Boulevard,Round Rock,TX,78681
7001 Wyoming Springs Drive,Round Rock,TX,78681
2610 Lake Austin Boulevard,Austin,TX,78703
2101 S. Lamar Boulevard,Austin,TX,78704
1701 Briarcliff Boulevard,Austin,TX,78723
4405 East Riverside Drive,Austin,TX,78741
5526 South Congress Avenue,Austin,TX,78745
1950 W. William Cannon,Austin,TX,78745
520 West Slaughter Lane,Austin,TX,78748
3500 West Slaughter Lane,Austin,TX,78749
4001 West William Cannon Drive,Austin,TX,78749
11725 North FM 620,Austin,TX,78750
11300 North Lamar Boulevard,Austin,TX,78753
1701 East Parmer Lane,Austin,TX,78754
5256 Burnet Road,Austin,TX,78756
100 N. Dumas Avenue,Dumas,TX,79029
1300 North Hobart,Pampa,TX,79065
1801 West 5th Street,Plainview,TX,79072
317 East Amarillo Boulevard,Amarillo,TX,79107
3340 South Western Street,Amarillo,TX,79109
3402 Slide Road,Lubbock,TX,79410
3402 50th Street,Lubbock,TX,79413
608 North Slide Road,Lubbock,TX,79416
965 North Judge Ely Boulevard,Abilene,TX,79601
1010 North Willis Street,Abilene,TX,79603
5315 Briarwood Avenue,Midland,TX,79707
4101 East 42nd Street,Odessa,TX,79762
8041 N. Mesa Street,El Paso,TX,79922
1780 N Lee Trevino Drive,El Paso,TX,79935
12051 Tierra Este Road,El Paso,TX,79938
9200 Centreville Road,Manassas,VA,20110
7500 Centreville Road,Manassas,VA,20111
6360 Hoadly Road,Manassas,VA,20112
5515 Ashland Community Square,Manassas,VA,20112
43930 Farmwell Road,Ashburn,VA,20147
44835 Russell Branch Parkway,Ashburn,VA,20147
616 East Market Street,Leesburg,VA,20176
19305 Ruby Drive,Leesburg,VA,20176
7205 Little River Turnpike,Annandale,VA,22003
3919 Centerville Road,Chantilly,VA,22021
16712 Jefferson Davis Hwy.,Dumfries,VA,22026
10090 Fairfax Boulevard,Fairfax,VA,22030
11003 Fairfax Boulevard,Fairfax,VA,22030
3921 Prosperity Avenue,Fairfax,VA,22031
12734 Shoppes Lane,Fairfax,VA,22033
3401 Charles Street,Bailey's Crossroads,VA,22041
6637-6655 Arlington Boulevard,Falls Church,VA,22042
1020 Seneca Road,Great Falls,VA,22066
9009 Silverbrook Road,Fairfax Station,VA,22079
2200 Tacketts Mill Road,Woodbridge,VA,22192
12890 Touchstone Circle,Woodbridge,VA,22192
6400 Landsdowne Center,Alexandria,VA,22315
1511 Jefferson Davis Highway,Fredericksburg,VA,22401
450 Chatham Heights Road,Fredericksburg,VA,22405
5832 Harrison Road,Fredericksburg,VA,22407
4201 Plank Road,Fredericksburg,VA,22407
10000 Jefferson Davis Highway,Fredericksburg,VA,22407
10701 Courthouse Road,Fredericksburg,VA,22407
4501 Lafayette Boulevard,Fredericksburg,VA,22408
902 Garrisonville Road,Stafford,VA,22554
394 Garrisonville Road,Stafford,VA,22554
2614 Jefferson Davis Hwy,Stafford,VA,22555
2207 Valley Avenue,Winchester,VA,22601
840 Berryville Avenue,Winchester,VA,22601
1920 Senseny Road,Winchester,VA,22602
1379 North Frederick Pike,Winchester,VA,22603
780 Martin Luther King Jr. Way,Harrisonburg,VA,22801
1100 South High Street,Harrisonburg,VA,22801
1700 Seminole Trail,Charlottesville,VA,22901
3420 Seminole Trail,Charlottesville,VA,22911
1235 West Broad Street,Waynesboro,VA,22980
3851 North Bailey Bridge Road,Chesterfield,VA,23112
13620 Genito Road,Midlothian,VA,23112
13180 Midlothian Turnpike,Midlothian,VA,23113
151 Pike View Drive,Midlothian,VA,23113
1600 Richmond Road,Williamsburg,VA,23185
7529 Richmond Road,Williamsburg,VA,23188
8185 Atlee Road,Mechanicsville,VA,23222
1205 N. Laburnum Avenue,Richmond,VA,23223
5001 Forest Hills Avenue,Richmond,VA,23225
7590 Staples Mill Road,Richmond,VA,23228
9501 Woodman Road,Richmond,VA,23228
8900 Patterson Avenue,Richmond,VA,23229
5001 West Broad Street,Richmond,VA,23230
12410 West Broad Street,Henrico,VA,23233
3001 Lauderdale Drive,Richmond,VA,23233
4715 Walmsley Road,Richmond,VA,23234
8811 Forest Hill Road,Richmond,VA,23235
8121 Midlothian Turnpike,Richmond,VA,23236
8820 West Broad Street,Richmond,VA,23294
1329 Kempsville Road,Chesapeake,VA,23320
2981 Military Highway S,Chesapeake,VA,23323
2212 Campostella Road,Chesapeake,VA,23324
25201 Lankford Highway,Onley,VA,23418
1688 Laskin Road,Virginia Beach,VA,23451
1280 North Great Neck,Virginia Beach,VA,23454
4500 Princess Anne Road,Virginia Beach,VA,23462
6099 Indian River Road,Virginia Beach,VA,23464
471 N. Military Hwy,Norfolk,VA,23502
4261 Little Creek Rd,Norfolk,VA,23505
3717 Hampton Blvd.,Norfolk,VA,23508
11127 Jefferson Avenue,Newport News,VA,23601
13000 Warwick Boulevard,Newport News,VA,23602
4432 George Washington Memorial Highway,Yorktown,VA,23692
5829 High Street,Portsmouth,VA,23703
2100 South Crater Road,Petersburg,VA,23805
2537 Weir Road,Chester,VA,23831
629 Boulevard,Colonial Heights,VA,23834
306 W Atlantic Avenue,Emporia,VA,23847
3909 Challenger Avenue,Roanoke,VA,24012
7515 Williamson Road,Hollins,VA,24019
2712 Peters Creek Road,Roanoke,VA,24019
2725 Greensboro Road,Martinsville,VA,24112
31 W. Main St.,Radford,VA,24141
970 Franklin Street,Rocky Mount,VA,24151
2259 Langhorn Road,Lynchburg,VA,24501
2009 Wards Road,Lynchburg,VA,24502
817 Main Street,Danville,VA,24541
N 83 W 15550 Appleton Avenue,Menomonee Falls,WI,53051
2135 Silvernail Road,Pewaukee,WI,53072
1108 N 14th Street,Sheboygan,WI,53081
5740 South Packard Avenue,Cudahy,WI,53110
5220 West Rawson Avenue,Franklin,WI,53132
3710 57th Ave,Kenosha,WI,53144
1130 West Sunset Drive,Waukesha,WI,53189
1650 Farwell,Milwaukee,WI,53202
1316 West Forest Home Avenue,Milwaukee,WI,53204
3860 South 27th Street,Milwaukee,WI,53221
3915 Durand Avenue,Racine,WI,53405
2149 Prairie Avenue,Beloit,WI,53511
6701 Mineral Point Road,Madison,WI,53705
930 Main Street,Green Bay,WI,54301
1600 South Bypass 35,Alvin,TX,77511