Alabaster, AL
Auburn, AL
Birmingham, AL
Decatur, AL
Dothan, AL
Florence, AL
Helena, AL
Hoover, AL
Huntsville, AL
Madison, AL
Mobile, AL
Montgomery, AL
Northport, AL
Phenix City, AL
Theodore, AL
Tuscaloosa, AL
Bentonville, AR
Cabot, AR
Conway, AR
Farmington, AR
Fayetteville, AR
Fort Smith, AR
Greenbrier, AR
Hot Springs, AR
Jonesboro, AR
Marion, AR
Paragould, AR
Pea Ridge, AR
Rogers, AR
Russellville, AR
Searcy, AR
Sherwood, AR
Siloam Springs, AR
Springdale, AR
Chandler, AZ
Glendale, AZ
Goodyear, AZ
Mesa, AZ
Peoria, AZ
Phoenix, AZ
Surprise, AZ
Tucson, AZ
Yuma, AZ
Bakersfield, CA
Coachella, CA
Corona, CA
Fresno, CA
Indio, CA
Loma Linda, CA
Palmdale, CA
Aurora, CO
Colorado Springs, CO
Grand Junction, CO
Northglenn, CO
Pueblo, CO
Apopka, FL
Boynton Beach, FL
Bradenton, FL
Brandon, FL
Cape Coral, FL
Clearwater, FL
Dania Beach, FL
Davie, FL
Daytona Beach, FL
Debary, FL
Deland, FL
Deltona, FL
Fort Myers, FL
Hialeah Gardens, FL
Homestead, FL
Jacksonville, FL
Kissimmee, FL
Lake Mary, FL
Largo, FL
Melbourne, FL
Miami, FL
Miami Gardens, FL
Naranja, FL
Navarre, FL
New Port Richey, FL
North Port, FL
Ocala, FL
Orlando, FL
Oviedo, FL
Palm Springs Village, FL
Pensacola, FL
Pinellas Park, FL
Port Orange, FL
Port St Lucie, FL
Port St. Lucie, FL
Riverview, FL
Saint Cloud, FL
Sarasota, FL
Spring Hill, FL
Tamarac, FL
Tampa, FL
The Villages, FL
Vero Beach, FL
Winter Springs, FL
Albany, GA
Athens, GA
Augusta, GA
Brunswick, GA
Columbus, GA
Dalton, GA
Dunwoody, GA
Fort Oglethorpe, GA
Gainesville, GA
Grovetown, GA
Hephzibah, GA
Hinesville, GA
Lagrange, GA
Marietta, GA
Savannah, GA
Snellville, GA
Statesboro, GA
Tifton, GA
Valdosta, GA
Warner Robins, GA
Waycross, GA
Caldwell, ID
Nampa, ID
Collinsville, IL
Evansville, IN
Fishers, IN
Indianapolis, IN
Plainfield, IN
Derby, KS
Garden City, KS
Junction City, KS
Kansas City, KS
Olathe, KS
Overland Park, KS
Pittsburg, KS
Shawnee, KS
Topeka, KS
Wichita, KS
Hopkinsville, KY
Jeffersontown, KY
Louisville, KY
Radcliff, KY
Alexandria, LA
Baton Rouge, LA
Bossier City, LA
Covington, LA
Denham Springs, LA
Gretna, LA
Houma, LA
Kenner, LA
Lake Charles, LA
Mandeville, LA
Meraux, LA
Monroe, LA
Morgan City, LA
New Iberia, LA
Opelousas, LA
Pineville, LA
Prairieville, LA
Ruston, LA
Shreveport, LA
Slidell, LA
Thibodaux, LA
West Monroe, LA
Blue Springs, MO
Cape Girardeau, MO
Independence, MO
Joplin, MO
Kansas City, MO
Poplar Bluff, MO
Springfield, MO
St. Peters, MO
Biloxi, MS
Gulfport, MS
Horn Lake, MS
Meridian, MS
Ocean Springs, MS
Starkville, MS
Tupelo, MS
Archdale, NC
Cary, NC
Charlotte, NC
Clemmons, NC
Concord, NC
Dallas, NC
Fayetteville, NC
Gastonia, NC
Goldsboro, NC
Greensboro, NC
Greenville, NC
Hickory, NC
High Point, NC
Hope Mills, NC
Hudson, NC
Jacksonville, NC
Kernersville, NC
Kings Mountain, NC
Lexington, NC
Lumberton, NC
Mooresville, NC
Morganton, NC
Morrisville, NC
New Bern, NC
Newport, NC
Newton, NC
St. Pauls, NC
Surf City, NC
Waxhaw, NC
Wilson, NC
Winston Salem, NC
Winston-Salem, NC
Winterville, NC
Bellevue, NE
La Vista, NE
Omaha, NE
Alameda, NM
Alamogordo, NM
Albuquerque, NM
Las Cruces, NM
Rio Rancho, NM
Henderson, NV
Las Vegas, NV
North Las Vegas, NV
Broken Arrow, OK
Edmond, OK
Enid, OK
Jenks, OK
Lawton, OK
Locust Grove, OK
Midwest City, OK
Moore, OK
Norman, OK
Oklahoma City, OK
Owasso, OK
Stillwater, OK
The Village, OK
Tulsa, OK
Warr Acres, OK
Yukon, OK
Hillsboro, OR
Anderson, SC
Cayce, SC
Clemson, SC
Columbia, SC
Florence, SC
Fort Mill, SC
Goose Creek, SC
Greenville, SC
Ladson, SC
Murrells Inlet, SC
Myrtle Beach, SC
Orangeburg, SC
Rock Hill, SC
Simpsonville, SC
Spartanburg, SC
Summerville, SC
Sumter, SC
Bartlett, TN
Chattanooga, TN
Clarksville, TN
East Ridge, TN
Hixson, TN
Kingsport, TN
Knoxville, TN
Madison, TN
Memphis, TN
Morristown, TN
Murfreesboro, TN
Nashville, TN
Sevierville, TN
Abilene, TX
Allen, TX
Amarillo, TX
Arlington, TX
Bedford, TX
Burleson, TX
Cedar Hill, TX
Converse, TX
Cypress, TX
Dallas, TX
Dallas , TX
Denton, TX
Denton , TX
Desoto, TX
El Paso, TX
Farmers Branch, TX
Flower Mound, TX
Fort Worth, TX
Garland, TX
Greenville, TX
Harker Heights, TX
Houston, TX
Humble, TX
Hurst, TX
Katy, TX
Keller, TX
Killeen, TX
Kingwood, TX
Lancaster, TX
League City, TX
Lewisville, TX
Longview, TX
Lubbock, TX
Mansfield, TX
Mcallen, TX
Mckinney, TX
Mesquite, TX
Mission, TX
Nacogdoches, TX
Pantego, TX
Pearland, TX
Plano, TX
Richardson, TX
Richland Hills, TX
Rockwall, TX
Rowlett, TX
Sachse, TX
San Angelo, TX
San Antonio, TX
Sherman, TX
Socorro, TX
Spring, TX
Sugar Land, TX
Texarkana, TX
Tyler, TX
Wake Village, TX
Weslaco, TX
Wylie, TX
Draper, UT
Herriman, UT
Layton, UT
Magna, UT
Pleasant Grove, UT
Riverton, UT
South Ogden, UT
Spanish Fork, UT
West Valley City, UT
Ashland, VA
Chesapeake, VA
Danville, VA
Forest, VA
Hampton, VA
Lynchburg, VA
Newport News, VA
Norfolk, VA
North Chesterfield, VA
Richmond, VA
Roanoke, VA
Rockingham, VA
Stafford, VA
Virginia Beach, VA
Waynesboro, VA
Williamsburg, VA
Lacey, WA
Vancouver, WA
Milwaukee, WI
Mount Pleasant, WI