05471, 1208 WEST REDONDO BEACH BLVD, GARDENA, CA 
06313, 107 SOUTH LONG BEACH BLVD, COMPTON, CA 
06338, 2059 SOUTH GAREY AVENUE, POMONA, CA 
05497, 1035 N MAGNOLIA AVE, ANAHEIM, CA 
05583, 910 WEST ONTARIO AVENUE, CORONA, CA 
06441, 1700 W WHITTIER BOULEVARD, LA HABRA, CA 
06495, 9333 WHITTIER BLVD, PICO RIVERA, CA 
05512, 8447 ALONDRA BOULEVARD, PARAMOUNT, CA 
05734, 2300 HARBOR BOULEVARD SUITE G, COSTA MESA, CA 
06743, 30551 GATEWAY PLACE, RANCHO MISSION VIEJO, CA 
05729, 1688 NORTH PERRIS BOULEVARD, PERRIS, CA 
06509, 16491 LAKESHORE DRIVE, LAKE ELSINORE, CA 
05718, 8015 LIMONITE AVENUE, RIVERSIDE, CA 
05631, 1331 SOUTH MISSION ROAD, FALLBROOK, CA 
05634, 1201 SOUTH COAST HIGHWAY, OCEANSIDE, CA 
06482, 15331 BASELINE AVENUE, FONTANA, CA 
06318, 3000 SOUTH ARCHIBALD AVENUE, ONTARIO, CA 
05600, 1050 NORTH MOUNTAIN AVENUE, ONTARIO, CA 
05673, 616 EAST HOBSONWAY, BLYTHE, CA 
05724, 260 NORTH SANDERSON AVE, HEMET, CA 
05679, 12900 PALM DRIVE, DESERT HOT SPRINGS, CA 
05672, 806 RAMSEY STREET, BANNING, CA 
06486, 1180 N STATE STREET, SAN JACINTO, CA 
06529, 894 OAK VALLEY PARKWAY STE B, BEAUMONT, CA 
05722, 42021 EAST FLORIDA AVENUE, HEMET, CA 
05678, 51101 CESAR CHAVEZ STREET, COACHELLA, CA 
06532, 47985 MONROE STREET BLDG A, INDIO, CA 
05671, 1660 E 1ST STREET, BEAUMONT, CA 
05680, 1501 WEST MAIN STREET, EL CENTRO, CA 
06515, 211 WEST BIRCH STREET, CALEXICO, CA 
06225, 1665 ALPINE BOULEVARD, ALPINE, CA 
06750, 28535 COLE GRADE ROAD, VALLEY CENTER, CA 
05618, 7224 BROADWAY, LEMON GROVE, CA 
06295, 1101 FRESNO STREET, FRESNO, CA 
05869, 3795 WEST SHIELDS AVENUE, FRESNO, CA 
06289, 4593 NORTH CEDAR AVENUE, FRESNO, CA 
05862, 1210 NORTH BLACKSTONE AVENUE, FRESNO, CA 
06475, 820 N LEMOORE AVENUE, LEMOORE, CA 
05796, 707 WEST LACEY BOULEVARD, HANFORD, CA 
06459, 1735 E WALNUT AVENUE, VISALIA, CA 
05860, 2640 FLORAL AVENUE, SELMA, CA 
06723, 160 E ANTELOPE AVE, WOODLAKE, CA 
06522, 875 NORTH ALTA AVENUE, DINUBA, CA 
05858, 1721 EAST MANNING AVENUE, REEDLEY, CA 
05853, 456 S MADERA AVENUE, KERMAN, CA 
06764, 1710 N FARMERSVILLE BLVD, FARMERSVILLE, CA 
05809, 1601 23RD STREET, BAKERSFIELD, CA 
06791, 431 34TH STREET, BAKERSFIELD, CA 
06303, 3225 PANAMA LANE, BAKERSFIELD, CA 
06716, 9700 PANAMA LANE, BAKERSFIELD, CA 
05814, 2505 MT VERNON AVENUE, BAKERSFIELD, CA 
06395, 1500 WHITLEY AVENUE, CORCORAN, CA 
06454, 1645 E TULARE AVENUE, TULARE, CA 
05807, 2501 HIGHWAY 46, WASCO, CA 
05794, 1809 CECIL AVENUE, DELANO, CA 
06768, 150 W KERN AVE, MCFARLAND, CA 
05799, 66 WEST MORTON AVENUE, PORTERVILLE, CA 
06302, 150 EAST LERDO HIGHWAY, SHAFTER, CA 
05795, 1051 WEST VISALIA ROAD, EXETER, CA 
05836, 2405 SOUTH BROADWAY, SANTA MARIA, CA 
05827, 7025 EL CAMINO REAL, ATASCADERO, CA 
05782, 2480 VICTORIA AVENUE, PORT HUENEME, CA 
05783, 221 EAST HARVARD BOULEVARD, SANTA PAULA, CA 
05840, 1356 WEST AVENUE J, LANCASTER, CA 
06473, 14515 MOJAVE DRIVE, STE B, VICTORVILLE, CA 
05705, 14629 7TH STREET, VICTORVILLE, CA 
05690, 1380 BARSTOW ROAD, BARSTOW, CA 
05844, 37950 47TH ST E, PALMDALE, CA 
05687, 21738 US HIGHWAY 18, APPLE VALLEY, CA 
05846, 2938 WEST ROSAMOND BLVD, ROSAMOND, CA 
05697, 15510 MAIN STREET, HESPERIA, CA 
06489, 8008 PANAMA RD, LAMONT, CA 
05700, 4120 PHELAN ROAD, PHELAN, CA 
05552, 13803 FOOTHILL BLVD, SYLMAR, CA 
06255, 1038 EAST COLORADO BOULEVARD, PASADENA, CA 
05456, 11321 NATIONAL BOULEVARD, LOS ANGELES, CA 
06291, 1970 WEST GRANTLINE ROAD, TRACY, CA 
06356, 4100 LONE TREE WAY, ANTIOCH, CA 
05945, 2021 SOLANO AVENUE, VALLEJO, CA 
05908, 20 EAST 18TH STREET, ANTIOCH, CA 
05928, 1203 WEST IMOLA AVENUE, NAPA, CA 
06007, 3142 G STREET, MERCED, CA 
06003, 1830 MITCHELL ROAD, CERES, CA 
05848, 48 ROBERTSON BLVD, CHOWCHILLA, CA 
06379, 500 MAIN STREET, LIVINGSTON, CA 
06512, 1000 W MONTE VISTA AVENUE, TURLOCK, CA 
06432, 7211 ELK GROVE BOULEVARD, ELK GROVE, CA 
05998, 6455 PACIFIC AVENUE, STOCKTON, CA 
06510, 4774 WEST LANE, STOCKTON, CA 
06074, 5610 STOCKTON BOULEVARD, SACRAMENTO, CA 
06066, 295 WEST MAIN STREET, WOODLAND, CA 
06788, 6420 RIO LINDA BLVD, RIO LINDA, CA 
04212, 955 STONY POINT ROAD, SANTA ROSA, CA 
06097, 1801 EUREKA WAY, REDDING, CA 
06090, 1583 HIGHWAY 99, GRIDLEY, CA 
06548, 14115 LAKERIDGE CIRCLE, MAGALIA, CA 
06288, 959 CRENSHAW BOULEVARD, LOS ANGELES, CA 
10389, 125 DANBURY ROAD, RIDGEFIELD, CT
04620, 744 WOLCOTT ROAD, WOLCOTT, CT
07891, 200 PHARMACY DRIVE, SMRYNA, DE
11175, 1999 PULASKI HWY (RT 40), BEAR, DE
04916, 24892 JOHN J WILLIAMS HWY, MILLSBORO, DE
01782, 3801 N. MARKET STREET, WILMINGTON, DE
06779, 3250 S EAGLE ROAD, MERIDIAN, ID 
05409, 2107 BLAINE STREET, CALDWELL, ID 
05410, 451 DEINHARD LANE, MCCALL, ID 
05417, 5005 WEST OVERLAND ROAD, BOISE, ID 
10199, 10 STAFFORD ROAD, FALL RIVER, MA
10166, 467 BROADWAY, REVERE, MA
10084, 1031 MAIN ST, CLINTON, MA
00374, 5624 BALTIMORE NATIONAL PK, BALTIMORE, MD
00385, 5804 RITCHIE HIGHWAY, BALTIMORE, MD
03837, 505 LINDEN AVENUE, POCOMOKE CITY, MD
00374, 5624 BALTIMORE NATIONAL PK, BALTIMORE, MD
00385, 5804 RITCHIE HIGHWAY, BALTIMORE, MD
03837, 505 LINDEN AVENUE, POCOMOKE CITY, MD
04236, 11 SOUTH 11TH STREET, Niles, MI
04276, 939 US 31 SOUTH, Traverse City, MI
04369, 30 EAST COLUMBIA AVE SUITE A, Battle Creek, MI
04410, 630 WEST MITCHELL STREET, Petoskey, MI
01025, 46977 ROMEO PLANK ROAD, MACOMB, MI
04440, 9090 MILLER ROAD, SWARTZ CREEK, MI
04600, 715 SOUTH MAIN STREET, EATON RAPIDS, MI
04242, 5995 KALAMAZOO AVENUE, SE, KENTWOOD, MI
04508, 4598 STATE STREET, SAGINAW, MI
04694, 19150 WYOMING STREET, DETROIT, MI
04310, 5018 CLIO ROAD, FLINT, MI
04238, 3681 SHAWNEE ROAD, BRIDGMAN, MI
04403, 2580 LAKE AVENUE, NORTH MUSKEGON, MI
04505, 117 NORTH MISSION STREET, MOUNT PLEASANT, MI
04301, 360 N ML KING JR BLVD, PONTIAC, MI
04363, 753 SOUTH GROVE STREET, YPSILANTI, MI
07758, 14820 MACK AVENUE, DETROIT, MI
04395, 4410 SOUTH DIVISION AVENUE, KENTWOOD, MI
01517, 2410 BURTON STREET SE, GRAND RAPIDS, MI
04871, 4976 DARTMOUTH COLLEGE HIGHWAY, Woodsville, NH
04741, 1631 ELM STREET, MANCHESTER, NH
10290, 1390 LAFAYETTE ROAD UNIT A, PORTSMOUTH, NH
10270, 331 MAIN STREET, NASHUA, NH
10425, 200 WILSON AVENUE, Port Monmouth, NJ
01150, 435 EAST BROADWAY, Salem, NJ
01318, 130 EAST MAIN STREET, Penns Grove, NJ
10469, 865 ROUTE 45, Pilesgrove, NJ
10413, 60 FRANKLIN TURNPIKE, WALDWICK, NJ
00789, 501 CLEMENTS BRIDGE ROAD, BARRINGTON, NJ
02707, 31 MULE ROAD, TOMS RIVER, NJ
02463, 219 ESSEX STREET, HACKENSACK, NJ
04821, 10 LINCOLN HIGHWAY, EDISON, NJ
10402, 104 12TH AVENUE, NEWARK, NJ
00149, 1097 BROADWAY, BAYONNE, NJ
00994, 480 NORTH BEVERWYCK ROAD, LAKE HIAWATHA, NJ
01867, 1147 COOPER STREET, EDGEWATER PARK, NJ
10505, 2370 ROUTE 33, ROBBINSVILLE, NJ
03477, 773 HAMILTON STREET, SOMERSET, NJ
10462, 500 WOODBURY-GLASSBORO ROAD, SEWELL, NJ
10424, 75 SOUTH MAIN STREET, NEPTUNE, NJ
01736, RICHFIELD SHOPPING CENTER, CLIFTON, NJ
01670, 76 SMITH STREET, PERTH AMBOY, NJ
04193, 3553 WASHINGTON ROAD, PARLIN, NJ
01716, 101 WHITE HORSE PIKE, CLEMENTON, NJ
10468, 860 COOPER STREET, DEPTFORD, NJ
00135, 217 SUNSET ROAD, WILLINGBORO, NJ
00841, 52 EAST BROAD STREET, BRIDGETON, NJ
10487, 7 WEST LANDIS AVENUE, VINELAND, NJ
01258, 3400 NEW JERSEY AVENUE, WILDWOOD, NJ
04045, 1434 S BLACK HORSE PIKE, WILLIAMSTOWN, NJ
10512, 811 FISCHER BOULEVARD, TOMS RIVER, NJ
10513, 2 ROUTE 37 EAST, TOMS RIVER, NJ
10738, 1067 STATE ROUTE 222, Cortland, NY
10877, 100 CONHOCTON ST, Corning, NY
01019, 133 ROUTE 303, VALLEY COTTAGE, NY
10774, 4854 COMMERCIAL DRIVE, NEW HARTFORD, NY
04928, 1863 CENTRAL AVENUE, COLONIE, NY
03865, 218-35 HEMPSTEAD AVENUE, QUEENS VILLAGE, NY
10673, 803 MONTAUK HWY UNIT D, SHIRLEY, NY
04981, 3131 HEMPSTEAD TURNPIKE, LEVITTOWN, NY
01511, 2474 BAILEY AVENUE, BUFFALO, NY
10859, 1792 NORTH GOODMAN STREET, ROCHESTER, NY
10551, 701 ROUTE 211 EAST, MIDDLETOWN, NY
10713, 709 MAIN STREET, POUGHKEEPSIE, NY
10839, 1030 PINE AVENUE, NIAGARA FALLS, NY
01090, 351 FLATBUSH AVENUE, KINGSTON, NY
10662, 229 INDEPENDENCE PLAZA, SELDEN, NY
02448, 1070 GENESEE STREET, BUFFALO, NY
01677, 476 WILLIAM STREET, BUFFALO, NY
02665, 10502 SAINT CLAIR AVENUE, Cleveland, OH
02364, 618 NORTH CLINTON STREET, Defiance, OH
04748, 3875 SALEM AVENUE, Dayton, OH
02357, 2229 EAST STATE STREET, Salem, OH
03053, 5795 STATE ROAD, PARMA, OH
02343, 7225 AIRPORT HIGHWAY, HOLLAND, OH
02077, 713 NORTH STATE STREET, GIRARD, OH
02456, 4053 SOUTH MAIN STREET, AKRON, OH
04683, 2709 BROADWAY AVENUE, LORAIN, OH
03163, 21800 LIBBY ROAD, MAPLE HEIGHTS, OH
03153, 15149 SNOW ROAD, BROOKPARK, OH
02317, 3013 MONROE STREET, TOLEDO, OH
01570, 6512 FRANKLIN BOULEVARD, CLEVELAND, OH
02640, 5411 SUPERIOR AVENUE, CLEVELAND, OH
03043, 10090 CHESTER AVE, CLEVELAND, OH
03157, 3402 CLARK AVENUE, CLEVELAND, OH
05395, 1900 SW COURT PLACE, PENDLETON, OR
05397, 835 SOUTH HIGHWAY 395, HERMISTON, OR
05399, 105 SOUTHWEST SECOND AVENUE, MILTON FREEWATER, OR
05400, 728 SOUTH WEST 4TH AVENUE, ONTARIO, OR
05357, 514 NE 181ST AVENUE, PORTLAND, OR
05325, 891 S.E. 1ST AVENUE, CANBY, OR
05360, 681 LANCASTER DRIVE NE, SALEM, OR
05322, 12575 SW WALKER ROAD, BEAVERTON, OR
05356, 11190 SW BARNES RD, PORTLAND, OR
05372, 626 MCCLAINE ST, SILVERTON, OR
06776, 636 N MAIN STREET, PHOENIX, OR
05388, 2521 SOUTH SIXTH STREET, KLAMATH FALLS, OR
05366, 2080 NW 9TH STREET, CORVALLIS, OR
05369, 30 EAST OAK STREET, LEBANON, OR
05382, 444 STEPHENS STREET, S.E, ROSEBURG, OR
00754, 139 SOUTH MAIN STREET, Butler, PA
00803, 300 MARKET STREET, Johnstown, PA
01976, 207 ROUTE 6 WEST, Coudersport, PA
11082, 801 GROW AVENUE, Montrose, PA
01941, 7401 OGONTZ AVENUE, PHILADELPHIA, PA
01981, 2604 LINGLESTOWN ROAD, HARRISBURG, PA
10917, 4111 WILLIAM PENN HWY, MONROEVILLE, PA
07886, 115 LEADER HEIGHTS ROAD, YORK, PA
01632, 20 SOUTH RIVER STREET, PLAINS, PA
11009, 5430 PEACH STREET, ERIE, PA
11134, 2401 EAST VENANGO STREET, PHILADELPHIA, PA
11162, 1856 NORTH BROAD STREET, LANSDALE, PA
00856, 762 CHESTER PIKE, PROSPECT PARK, PA
01581, 524 NORTH 6TH STREET, READING, PA
11047, 7719 MAIN STREET, FOGELSVILLE, PA
11048, 110 MAIN STREET, HELLERTOWN, PA
00170, 128 N COURTLAND STREET, EAST STROUDSBURG, PA
04554, 6731 WOODLAND AVENUE, PHILADELPHIA, PA
11127, 9773 ROOSEVELT BLVD, PHILADELPHIA, PA
11112, 3120 CHICHESTER AVENUE, BOOTHWYN, PA
02451, 5214-30 BALTIMORE AVENUE, PHILADELPHIA, PA
03688, 4616-4650 NORTH BROAD STREET, PHILADELPHIA, PA
00245, 2 CUMBERLAND STREET, LEBANON, PA
03906, 671 J. CLYDE MORRIS BLVD, Newport News, VA
11918, 4501 NEWS ROAD, Williamsburg, VA
11270, 2293 UPTON DRIVE, VIRGINIA BEACH, VA
04820, 3210 BOULEVARD, COLONIAL HEIGHTS, VA
11251, 2040 ATLANTIC AVE, CHESAPEAKE, VA
11235, 2460 GEORGE WASHINGTON MEMORIA, HAYES, VA
06488, 105 WASHINGTON AVENUE NORTH, KENT, WA
05227, 110 SW 148TH STREET, BURIEN, WA
05203, 3116 NE SUNSET BOULEVARD, RENTON, WA
05228, 655 NW RICHMOND BEACH ROAD, SHORELINE, WA
05271, 7041 PACIFIC AVENUE, TACOMA, WA
05175, 32015 PACIFIC HWY. SOUTH, FEDERAL WAY, WA
05277, 5700 100TH STREET SW STE 100, LAKEWOOD, WA
06544, 23940 NE STATE ROUTE 3, BELFAIR, WA
05245, 412 EAST COLLEGE WAY, MT. VERNON, WA
05242, 8090 GUIDE MERIDIAN ROAD, LYNDEN, WA
05297, 2519 MAIN STREET, UNION GAP, WA
05307, 5840 NORTH DIVISION STREET, SPOKANE, WA
05305, 12222 EAST SPRAGUE AVENUE, SPOKANE VALLEY, WA
05293, 500 SOUTH PIONEER WAY, MOSES LAKE, WA
06347, 250 BASIN STREET SW, EPHRATA, WA
05315, 215 NORTH 4TH AVENUE, PASCO, WA
05317, 101 NORTH ELY STREET, KENNEWICK, WA
05320, 2028 EAST ISAACS AVENUE, WALLA WALLA, WA
05285, 551 SOUTH MARKET BOULEVARD, CHEHALIS, WA
06498, 2800 NE 162ND AVENUE, VANCOUVER, WA


