Birmingham, AL, 35242
Anchorage, AK, 99508
Mesa, AZ, 85210
Phoenix, AZ, 85006
Phoenix, AZ, 85051
Tucson, AZ, 85719
Tucson, AZ, 85706
Little Rock, AR, 72204
Artesia, CA, 90701
Cupertino, CA, 95014
Fullerton, CA, 92831
Pomona, CA, 91767
Sacramento, CA, 95843
Colorado Springs, CO, 80910
Denver, CO, 80219
Thornton, CO, 80233
Middletown, CT, 06457
Wilmington, DE, 19804
Washington, DC, 20018
Jacksonville, FL, 32277
North Miami, FL, 33161
Oakland Park, FL, 33311
Orlando, FL, 32839
Palmetto, FL, 34221
Port Saint Lucie, FL, 34986
Tampa, FL, 33603
The Villages, FL, 32163
West Palm Beach, FL, 33407
Duluth, GA, 30096
Forest Park, GA, 30297
Honolulu, HI, 96817
Meridian, ID, 83642
Bolingbrook, IL, 60440
Cahokia, IL, 62206
Chicago, IL, 60619
Chicago, IL, 60639
Des Plaines, IL, 60016
Springfield, IL, 62702
Waukegan, IL, 60085
East Chicago, IN, 46312
Indianapolis, IN, 46201
Des Moines, IA, 50316
Kansas City, KS, 66102
Lexington, KY, 40505
Baton Rouge, LA, 70814
Harvey, LA, 70058
Portland, ME, 04103
Cockeysville, MD, 21030
Milford, MA, 01757
Waltham, MA, 02453
Detroit, MI, 48227
Flint, MI, 48506
Saint Paul, MN, 55106
Jackson, MS, 39212
Saint Louis, MO, 63113
Helena, MT, 59601
Omaha, NE, 68111
Las Vegas, NV, 89104
Derry, NH, 03038
Dover, NJ, 07801
Newark, NJ, 07102
Somerset, NJ, 08873
Albuquerque, NM, 87110
Farmington, NM, 87402
Medford, NY, 11763
Staten Island, NY, 10314
Tonawanda, NY, 14150
Webster, NY, 14580
Charlotte, NC, 28216
Durham, NC, 27705
Kannapolis, NC, 28083
Raleigh, NC, 27604
Stallings, NC, 28104
Centerville, OH, 45459
Cleveland, OH, 44135
Columbus, OH, 43204
Marietta, OH, 45750
Toledo, OH, 43615
Bethany, OK, 73008
Tulsa, OK, 74112
Cornelius, OR, 97113
Darby, PA, 19023
Cranston, RI, 02920
Columbia, SC, 29229
Sioux Falls, SD, 57106
Memphis, TN, 38122
Dallas, TX, 75217
El Paso, TX, 79907
Fort Worth, TX, 76116
Houston, TX, 77061
Houston, TX, 77077
Irving, TX, 75061
Lubbock, TX, 79401
Pasadena, TX, 77502
San Antonio, TX, 78217
Taylorsville, UT, 84123
Essex Junction, VT, 05452
Hampton, VA, 23669
Richmond, VA, 23227
Tacoma, WA, 98407
Charles Town, WV, 25414
Milwaukee, WI, 53215
Cheyenne, WY, 82009
